S0,S1,S2,S3
8.671867691897016117e-01,5.196689686686550846e-01,-2.680418644879529674e-02,-2.143264383721924515e-01
8.698196802082155399e-01,5.377068591960920685e-01,-2.864639814816202085e-02,-2.001291049684658929e-01
8.648823508400685922e-01,5.277614686821310297e-01,-5.254307764387429469e-02,-1.808851009590366765e-01
8.670620804456677932e-01,5.302417948922701907e-01,-4.598914281792463449e-02,-1.774176823928108881e-01
8.665614619250119333e-01,5.425225719229948007e-01,-5.395900751206073043e-02,-1.656877589722215993e-01
8.652496607539171825e-01,5.362168859578509972e-01,-7.102531781344606499e-02,-1.642170941004803264e-01
8.653548331865467125e-01,5.369962017010770916e-01,-8.038979741595601858e-02,-1.457197416837707205e-01
8.664585441676273536e-01,5.417427277761630577e-01,-7.743912330866700722e-02,-1.368063497024443187e-01
8.671647766272208013e-01,5.394466866024295593e-01,-1.012743550387361080e-01,-1.334222472174161900e-01
8.661361554929366546e-01,5.339950250394498443e-01,-9.580996492484626648e-02,-1.178978748540510380e-01
8.658240745925570581e-01,5.361790390831101538e-01,-1.039626205846306967e-01,-1.046675922929114766e-01
8.669687378518153853e-01,5.316845020280942524e-01,-1.146545814589113449e-01,-9.402676733075247817e-02
8.726357662881942812e-01,5.406907919969374809e-01,-1.205149274511648633e-01,-9.169092242949385130e-02
8.625801015856506826e-01,5.299184432613012197e-01,-1.370407522410022061e-01,-7.893890055388705362e-02
8.695620289973479133e-01,5.274233213801966524e-01,-1.151120661514858784e-01,-6.634229176202011136e-02
8.657212149504427412e-01,5.124370273146138244e-01,-1.436669094512486589e-01,-4.829759129111067112e-02
8.659810062421309240e-01,5.122607147049269560e-01,-1.638173821657519513e-01,-4.010921376766750368e-02
8.674409704006127431e-01,5.087199848839958349e-01,-1.520087841502701376e-01,-3.701265883222448067e-02
8.611229784174356805e-01,5.045469159486896116e-01,-1.640313675031270790e-01,-1.752564148720368864e-02
8.595546332839534287e-01,4.901093735234016147e-01,-1.717121967559249451e-01,-1.616474036346876586e-02
8.614492392554625733e-01,4.869145390053218891e-01,-1.828708754308439322e-01,4.836277163692515209e-03
8.647066438355939244e-01,4.815570069645999651e-01,-1.822362288783657691e-01,-1.234733373438766900e-03
8.625749204878490062e-01,4.683778467864082584e-01,-1.932695366683101768e-01,7.259383424883954737e-03
8.609538909455340949e-01,4.530560091544241219e-01,-2.021019264755903322e-01,2.731056249732834174e-02
8.650701633830809589e-01,4.500916198417843073e-01,-1.967020095334122698e-01,2.867482769926113159e-02
8.610084645672926307e-01,4.226302136637736795e-01,-2.073491537074390323e-01,3.185142891345965621e-02
8.672821474663271468e-01,4.245769603446869489e-01,-2.171034489873957529e-01,4.146890501810898688e-02
8.614615049095774024e-01,4.141234216326114548e-01,-1.968144932196303487e-01,4.756695844847502047e-02
8.657383487481028483e-01,3.989732478259949144e-01,-2.000407813810217428e-01,6.201055967010794812e-02
8.594428340942701361e-01,3.933798738334607914e-01,-2.145495457152566676e-01,4.898735136268506790e-02
8.595359329513102553e-01,3.677235365415190693e-01,-2.272090633548155270e-01,6.640832687790391986e-02
8.643471649101374110e-01,3.617992102321415659e-01,-2.098701755660185853e-01,7.213810522348801380e-02
8.566464948885733621e-01,3.421491758083710644e-01,-2.237420936775330604e-01,6.971995458343976937e-02
8.621198761228546781e-01,3.387437305517129182e-01,-2.231116343037135574e-01,7.253147580638988345e-02
8.582132347363466973e-01,3.277041329082137078e-01,-2.222602731108266894e-01,9.034777709612094865e-02
8.559522919542884578e-01,3.066838589195259313e-01,-2.339041284180370106e-01,7.849222036783866374e-02
8.573562806396598512e-01,2.868901532976071422e-01,-2.322951983997023628e-01,9.888893111442587092e-02
8.618737202126161012e-01,2.796585791351135497e-01,-2.147537329729588274e-01,7.710561102570009928e-02
8.591906911258074819e-01,2.703346548854876352e-01,-2.162803908858721980e-01,9.774523833117619576e-02
8.594128571696224572e-01,2.514198738108699427e-01,-2.157888825688302481e-01,7.735058568625959030e-02
8.565360304577774864e-01,2.452438502872480164e-01,-2.086737765433149538e-01,8.322122767488558670e-02
8.575155951774080521e-01,2.250643099104244205e-01,-2.126848168202617184e-01,8.033568397301638075e-02
8.512149141857326962e-01,2.150467145929413071e-01,-1.958040977945676719e-01,8.556110699493972571e-02
8.561767743358981164e-01,1.952319931492245975e-01,-2.096503825716316827e-01,7.960274579082209090e-02
8.553172353402219708e-01,1.770122150121924143e-01,-2.132100639012270982e-01,8.019410003126969944e-02
8.550729089326010168e-01,1.752736040392153249e-01,-1.765357714785277532e-01,9.132980485124522763e-02
8.572044256021689179e-01,1.628648888362523584e-01,-1.895451136744262244e-01,9.004831913003796817e-02
8.554933896209214739e-01,1.420052515574502239e-01,-1.866377636223589265e-01,6.060160294516802465e-02
8.539580901469265850e-01,1.375209668070218882e-01,-1.777503815059097991e-01,6.924957531266502653e-02
8.521463125536842265e-01,1.208353853649958981e-01,-1.845979101906140563e-01,5.743082848133461427e-02
8.517918833316519001e-01,1.061988052111392383e-01,-1.788450769291842768e-01,4.789579650365676650e-02
8.487351854897183800e-01,9.915027569844149513e-02,-1.576706867639617871e-01,4.282998851119595995e-02
8.495656583051185429e-01,8.356983465434476843e-02,-1.673421067205195789e-01,3.559250085666281621e-02
8.502724212061932851e-01,7.066472331998763234e-02,-1.551863865184975322e-01,2.922459188729364249e-02
8.534186173342599435e-01,7.078572664477704446e-02,-1.428276011891607411e-01,2.315730939794272483e-02
8.552113978056146149e-01,5.255136435442139126e-02,-1.387524276528361300e-01,3.562778666655488230e-02
8.514220621977498515e-01,3.928817623507559198e-02,-1.333830353050375062e-01,2.196185716929825033e-02
8.523767752751463256e-01,3.155170133965786577e-02,-1.409894641511678925e-01,-5.904999527589500918e-03
8.492381401987000311e-01,2.847038095447705988e-02,-1.184574015190709567e-01,1.712141106483464547e-03
8.521952882526430129e-01,2.155562110653575641e-02,-1.105872242485358425e-01,-1.793783460398032034e-02
8.507034641235888817e-01,6.269729244194587221e-03,-1.089968820326242122e-01,-2.333297476819797683e-02
8.491486904581432293e-01,-1.353844582339145970e-03,-1.064709869114366658e-01,-2.842071989156698050e-02
8.465683320380726906e-01,3.432575318337356685e-03,-9.709443363357776746e-02,-3.897741238117686385e-02
8.459289667150520220e-01,-2.721122192984164537e-03,-8.221157023551370346e-02,-5.037660675774288666e-02
8.492796956048309642e-01,-1.793584248294488939e-02,-9.131165936568827468e-02,-5.949049502700296671e-02
8.495798793027362628e-01,-1.756064014795562581e-02,-8.747882263588445395e-02,-7.850024940350314173e-02
8.469265550714443203e-01,-1.836404208030667159e-02,-5.664656010706880379e-02,-7.222741292857282058e-02
8.509303613279362022e-01,-1.947509031384862116e-02,-5.321633749057793489e-02,-8.095365683221603104e-02
8.510510725466335913e-01,-2.355912669433027351e-02,-3.556473493360429866e-02,-1.023629561840828511e-01
8.422299363247613968e-01,-2.663906096242851795e-02,-5.013652956764832330e-02,-1.081961037703391970e-01
8.496634037820306462e-01,-2.968052840779460827e-02,-3.000405539674294922e-02,-1.141167411849434987e-01
8.508904586195126241e-01,-2.358057289344023949e-02,-2.910516720350971726e-02,-1.261058813090880359e-01
8.494409847382135004e-01,-2.255191358466782439e-02,-6.406633975832040293e-03,-1.331981331635321564e-01
8.458733775939054622e-01,-2.336488995498306812e-02,-5.874748226999153798e-03,-1.461306995072719772e-01
8.497144814539850932e-01,-2.331787241617416795e-02,1.262403325392406428e-03,-1.518703019684763400e-01
8.503710458509597947e-01,-1.729990341661703096e-02,1.634622857194263992e-02,-1.685572956698392078e-01
8.485085204942173220e-01,-1.523074992608760767e-02,1.844019257761674371e-02,-1.824285630144845960e-01
8.521303688212571448e-01,-1.423166207076816646e-02,1.839100031236824348e-02,-1.977705593003987183e-01
8.521747506291396101e-01,-7.607405601447117180e-03,3.252019611455136266e-02,-2.033559172080839084e-01
8.505420274570537620e-01,-2.992838473663488041e-03,4.299006596255321860e-02,-2.095274304495308437e-01
8.480200262756513174e-01,2.852394932993272333e-03,4.454425006830643047e-02,-2.247356221545915578e-01
8.505676118844746059e-01,8.803140490557477549e-03,3.924144079018951348e-02,-2.351379582817031133e-01
8.460657644904076014e-01,8.826209444216127215e-03,5.921465642212752484e-02,-2.305535294623153597e-01
8.480386665197616747e-01,2.854083956040602207e-02,5.945579360633550248e-02,-2.538806419778303902e-01
8.518423362340488136e-01,2.134146156636081149e-02,6.249196565118893959e-02,-2.529864083639308259e-01
8.509820590072166846e-01,3.369701282784662300e-02,6.164362433301235483e-02,-2.781213374577359287e-01
8.531140937739331020e-01,5.151358843618766836e-02,8.225099681642790428e-02,-2.815541488292652716e-01
8.584730774935246389e-01,5.758066800811580815e-02,7.547094909885034009e-02,-2.821793618911153656e-01
8.503187681322427194e-01,7.045684983161272508e-02,8.641964573530351579e-02,-2.862458694330983211e-01
8.565302897473526800e-01,8.169979210812962356e-02,9.985717945031394316e-02,-3.048627153210876073e-01
8.490253662025775139e-01,7.803796244978689067e-02,8.274184625388003589e-02,-3.080633821826732621e-01
8.530950070324301304e-01,1.052921230509214073e-01,1.108614280812757064e-01,-3.101873531860588895e-01
8.558334775897276092e-01,1.163885195973410475e-01,9.985355626875215551e-02,-3.295414768865717048e-01
8.514949247724336034e-01,1.286965152650542399e-01,1.028395188873435506e-01,-3.270273320669193073e-01
8.522365411916642541e-01,1.355087155343331351e-01,1.001455506376125182e-01,-3.371507592739035331e-01
8.512949634677584587e-01,1.525255638927884294e-01,1.035148574943086097e-01,-3.240374682481789170e-01
8.566601063086300982e-01,1.744171642513789033e-01,1.168755527446196929e-01,-3.389014110471378904e-01
8.501834402986822026e-01,1.756112206760503391e-01,1.045303773043333578e-01,-3.372978366827527608e-01
8.526188270252091916e-01,1.921784560850371693e-01,9.481583454197987926e-02,-3.466744680092574971e-01
8.582512221077223113e-01,2.119790113422145017e-01,1.043880382697974646e-01,-3.414740755732689204e-01
8.575180490064566730e-01,2.122971186652780340e-01,8.699974457507460290e-02,-3.484555154292715007e-01
8.600136245721615724e-01,2.333018728464348324e-01,9.623623998407664082e-02,-3.404795542382150764e-01
8.600799683313820054e-01,2.571746292433237380e-01,1.210560745142930800e-01,-3.359394504785514490e-01
8.595602068595604717e-01,2.712397969097252726e-01,9.094137377348873730e-02,-3.430061902448903743e-01
8.603239620841217628e-01,2.736923678530867043e-01,8.935768577851556371e-02,-3.534449021046510153e-01
8.636355748569424229e-01,2.999084208465747081e-01,9.642582868038908350e-02,-3.467106776026391834e-01
8.630840685635456921e-01,3.081471262572953451e-01,8.584328297699241050e-02,-3.376312182149384666e-01
8.587206047585127511e-01,3.213760858947734556e-01,1.042850119920085139e-01,-3.369207686610847241e-01
8.577508304563794539e-01,3.335159956452886099e-01,9.036172830022261293e-02,-3.387940974158856755e-01
8.592332328702864119e-01,3.542855195488787134e-01,7.128141598565362891e-02,-3.294144739755050511e-01
8.613700681731621955e-01,3.657908709109471967e-01,8.456510791166936547e-02,-3.298950784473181352e-01
8.612137676983530055e-01,3.814491370871261888e-01,7.900693215133158809e-02,-3.290394061145210935e-01
8.607189845502396519e-01,3.863393805762033173e-01,6.127763553383774875e-02,-3.364622052750586012e-01
8.644647235835792864e-01,4.041011411394706543e-01,5.703628037334254608e-02,-3.221411524955477002e-01
8.606864809065617461e-01,4.173774756628084726e-01,6.338923072729975294e-02,-3.114015686920250103e-01
8.619468356763242411e-01,4.216545931196930552e-01,6.135659509214049651e-02,-2.981939572821085127e-01
8.657552080970388753e-01,4.484436763075771437e-01,3.895993879461453341e-02,-2.972078565344548062e-01
8.643680420486254956e-01,4.521696411997853660e-01,4.070226159968445140e-02,-2.903797060624819792e-01
8.628667089192891826e-01,4.677098544406538272e-01,3.370572408989487567e-02,-2.739216832050319628e-01
8.641585359284249535e-01,4.770366336754617298e-01,3.400302604707677867e-02,-2.663636981789508917e-01
8.625822421440009213e-01,4.838540653163754257e-01,1.663003171286155796e-02,-2.663326807532908069e-01
8.670622704082693311e-01,4.953510177108500501e-01,1.726785938277061727e-02,-2.567332293551828903e-01
8.661238435600593366e-01,5.089073914218803507e-01,-2.189050736391233258e-03,-2.509226269924632602e-01
8.614960818231514050e-01,5.124188762699850574e-01,-1.392663296648534443e-03,-2.300791949595091257e-01
8.653912200172619862e-01,5.180087815811350582e-01,-1.252305998412243590e-02,-2.383589123565799106e-01
8.665417852410537414e-01,5.256063438390367049e-01,-2.046744679529119426e-02,-2.119929193342862950e-01
8.630973404895162515e-01,5.273941570564575354e-01,-3.757083362417164285e-02,-2.126557039048407594e-01
8.629548100108485054e-01,5.250075778429595941e-01,-3.048258207843796905e-02,-2.012032547640876801e-01
8.691909126512622485e-01,5.323253202448884336e-01,-5.058334311950982154e-02,-1.968901529537644968e-01
8.654661927723343862e-01,5.263850922564770052e-01,-6.281809657622670906e-02,-1.878359560773484871e-01
8.646788760122201545e-01,5.321718298229729527e-01,-6.104479862440118088e-02,-1.761739867288190653e-01
8.654920216628593232e-01,5.337838750602081905e-01,-7.497878212219753757e-02,-1.552687539688430984e-01
8.680226499683080243e-01,5.436346058029970507e-01,-7.287195551932861004e-02,-1.489048041507252673e-01
8.678887101492819278e-01,5.368941663480532034e-01,-7.579964073540339242e-02,-1.365296153268852897e-01
8.641326608315004210e-01,5.355038505002476246e-01,-1.006536958835388268e-01,-1.272379456787807450e-01
8.632075871294531133e-01,5.446506278538382206e-01,-1.016260717523801704e-01,-1.105504729975266970e-01
8.660486066405391758e-01,5.488803902242767041e-01,-1.111054581106041550e-01,-8.511745025037521784e-02
8.666090939415020955e-01,5.325494302717308504e-01,-1.110722492420909008e-01,-8.714097678147364467e-02
8.698415273054760366e-01,5.317527506544869054e-01,-1.295418875018138627e-01,-8.146388891613985661e-02
8.631159981325088326e-01,5.292532007760644142e-01,-1.359295322685781793e-01,-7.450051706303606469e-02
8.643574497193151629e-01,5.245583280778607360e-01,-1.462883045778442248e-01,-6.480401086352914619e-02
8.603306847667411272e-01,5.145512013922928229e-01,-1.470048937239834264e-01,-6.685344470301549102e-02
8.673513493554276810e-01,5.256167898481434175e-01,-1.401521961783472880e-01,-4.239988099110414410e-02
8.669111917677930768e-01,5.094863215112265253e-01,-1.568207211987572014e-01,-2.420317070332902651e-02
8.694681082339220657e-01,5.010341450393046570e-01,-1.686820426456085709e-01,-2.546121515590370199e-02
8.681561721951279731e-01,4.943410523176414717e-01,-1.756867088456386117e-01,-6.164276015478834143e-03
8.608268099135822915e-01,4.919247599870301690e-01,-1.808427506238285409e-01,4.879189098017526309e-03
8.613668436555562691e-01,4.796421567422621268e-01,-1.825001611425571268e-01,2.325251466680082566e-03
8.630038258186412126e-01,4.592451982409899713e-01,-1.925665858746290204e-01,2.811737712940608810e-03
8.640141792040099133e-01,4.583621538435308507e-01,-1.918064711210033246e-01,2.990735606108387706e-02
8.633114570167166324e-01,4.443998345408376460e-01,-1.986596884793258300e-01,1.953366571206933619e-02
8.639924672892510538e-01,4.310742120570722480e-01,-2.112260340630701672e-01,3.383878302484889800e-02
8.630122131782226313e-01,4.289800276869483731e-01,-2.034829438667150325e-01,4.889050833630353976e-02
8.643429697821319868e-01,4.175175186825652029e-01,-2.103186367623587072e-01,5.406124085753552522e-02
8.623275134004191322e-01,3.998553521161942181e-01,-2.180855015403908581e-01,5.713729022916975292e-02
8.619995444178782940e-01,3.837434451028416404e-01,-2.127549031763490139e-01,6.947918861313756578e-02
8.603591194503072970e-01,3.776912074825100607e-01,-2.210403969472929109e-01,7.260470223027075398e-02
8.583956495469401426e-01,3.561202872843484135e-01,-2.376381865002154536e-01,7.261265162850567834e-02
8.570170233770224577e-01,3.434043636384322973e-01,-2.286486878970278025e-01,6.433992946013461500e-02
8.581351161149354256e-01,3.438746777398821730e-01,-1.990526296794907501e-01,7.990604595473722871e-02
8.613936061818419088e-01,3.423721018095783331e-01,-2.090406050173843344e-01,8.640204515035909694e-02
8.581008477572925619e-01,3.072231851278175996e-01,-2.189871047070678922e-01,8.288272447896151418e-02
8.595786689894490129e-01,2.942306151327688246e-01,-2.307136029671248978e-01,8.377812587754246421e-02
8.590610451321998298e-01,2.860377271295717061e-01,-2.165550787433034030e-01,9.860609616515238207e-02
8.558584206272655814e-01,2.574886159665506491e-01,-2.235384896551941003e-01,8.999957290718053893e-02
8.610769337170782745e-01,2.513617383496840052e-01,-2.108057563132078871e-01,8.959508400521075389e-02
8.554391256591158399e-01,2.357475714402869349e-01,-2.186075936772662598e-01,9.652971237729041087e-02
8.571408097888044697e-01,2.170756846662721673e-01,-2.174486368638182954e-01,8.190443108591294319e-02
8.582349440517443862e-01,2.017822451632974023e-01,-2.071073820534558296e-01,7.433245469901218760e-02
8.566804003038475113e-01,1.998628547644094311e-01,-1.870735946533700900e-01,7.931541941294531495e-02
8.608348760090890339e-01,1.893605914036851079e-01,-1.982374879367103937e-01,7.770763595296605042e-02
8.517799687808871312e-01,1.666835837357315553e-01,-1.893660704358352820e-01,8.354627905384411080e-02
8.538877437464403863e-01,1.554644969884498851e-01,-2.075290578957993959e-01,7.784099596396097664e-02
8.551460584216384886e-01,1.521133019104392581e-01,-1.806200987871402486e-01,7.769559307829629335e-02
8.577067454057633045e-01,1.315057278340426294e-01,-1.989228178581703976e-01,6.758516941263367772e-02
8.585473295727901188e-01,1.041168054619451833e-01,-1.717511602911434843e-01,6.642108140580979536e-02
8.531135491436295792e-01,1.097662862241843285e-01,-1.731835037778846065e-01,5.202646175151408314e-02
8.541719490114489943e-01,8.788022434294003038e-02,-1.635139345513086651e-01,4.513267072978496830e-02
8.570050532030528689e-01,7.736189766080087127e-02,-1.692754224638026994e-01,5.338099684600877692e-02
8.584503028605628971e-01,6.587093029505154684e-02,-1.526148114375353582e-01,2.747183686633803204e-02
8.532571729398883420e-01,4.903686959885193014e-02,-1.449023809697618514e-01,3.726086215506569516e-02
8.541607635778536434e-01,6.045000182397214372e-02,-1.304482478906751342e-01,2.421541811808423927e-02
8.527639106253228629e-01,5.384627328893778347e-02,-1.148228548684424866e-01,2.020858233030922366e-02
8.492305925907074338e-01,4.649824373126823507e-02,-1.376720030894757474e-01,-2.863194389943388672e-03
8.526475915716806853e-01,2.810256736796112528e-02,-1.158657595879457464e-01,-2.626922366405058055e-03
8.475767498302649861e-01,1.494904197165474423e-02,-1.096664692894678411e-01,-1.349356612398804924e-02
8.472849186639364039e-01,8.090197621404667666e-03,-1.175701580878545927e-01,-2.812857342678510772e-02
8.546162859739107054e-01,1.017704896331448478e-02,-9.007127706743962847e-02,-2.034353248411976262e-02
8.540012452333849424e-01,5.686012931925663212e-03,-8.600364172308641586e-02,-3.590472966210196681e-02
8.572351001761446820e-01,5.866494910674625862e-04,-7.535425491186924229e-02,-4.572235777066201157e-02
8.504313608717076756e-01,-6.826571682958046915e-03,-8.340922876816714293e-02,-5.760669901118455755e-02
8.463804704030170045e-01,-1.832982074143913939e-02,-8.468631686648174506e-02,-6.984565444780328758e-02
8.506697980555157912e-01,-1.577694015424474863e-02,-6.160551896956647372e-02,-8.967629748990345318e-02
8.504689395301190391e-01,-1.772606335357089849e-02,-5.042945236842208412e-02,-7.593818963130856414e-02
8.518186587834467582e-01,-2.364479558415939417e-02,-4.017007308651739800e-02,-1.058461359962371423e-01
8.477321192044117160e-01,-2.469079130830427113e-02,-2.293085502324958280e-02,-1.016788619718913822e-01
8.517734895631745573e-01,-2.282614214513269471e-02,-3.813605659124723324e-02,-1.061503923498864077e-01
8.462214390221124427e-01,-3.752616329171848397e-02,-1.618060588785097051e-02,-1.275748025205143688e-01
8.527816616803169936e-01,-2.404403033530487857e-02,-1.979576171595536643e-02,-1.322563084588958826e-01
8.521044050611277232e-01,-3.280102715674036024e-02,6.790352936323800111e-03,-1.491318689603498560e-01
8.492561579554777085e-01,-1.940652211061736146e-02,8.057506208915470730e-03,-1.614174629068832467e-01
8.488325697296349448e-01,-2.297650752062615348e-02,1.761724631801541915e-02,-1.703569469286218552e-01
8.506183365648392058e-01,-1.238400033744463218e-02,1.988710269146858750e-02,-1.869192343251402100e-01
8.536005559183975633e-01,-2.198143248759269405e-02,2.850545756324553495e-02,-2.041228655499187361e-01
8.495126962357931744e-01,-2.189256431286043525e-02,1.159999781727232698e-02,-2.044188079156945004e-01
8.534306224348718883e-01,-6.468395020824301532e-03,3.236086359168364318e-02,-2.197717927361524937e-01
8.508229386840414632e-01,4.847043121567264383e-04,4.958080736799704707e-02,-2.168592968340911364e-01
8.521400823048888018e-01,1.190753767433232364e-02,5.416329159016348288e-02,-2.247485362528615083e-01
8.505281507535797925e-01,1.617813032373787568e-02,5.910585987109124445e-02,-2.440623451988944703e-01
8.583958976829227927e-01,2.641667668255414519e-02,6.513874370553612847e-02,-2.431347451167125695e-01
8.589242363592807239e-01,3.994493068269781150e-02,7.881178966303786781e-02,-2.637336115586624841e-01
8.486437085879484643e-01,3.646417082661326109e-02,8.899239361839882123e-02,-2.587676262854686771e-01
8.519314841154012052e-01,5.236423977904249016e-02,7.584805027309483860e-02,-2.785048076222870761e-01
8.526321830190167761e-01,5.458518273862843218e-02,8.181242712461099520e-02,-2.924434517629250774e-01
8.560163923152015464e-01,7.972040942724191448e-02,8.035485062306607640e-02,-2.983634931096393883e-01
8.535273485046318553e-01,8.726780774661421769e-02,8.073029918376513347e-02,-3.041079773087780325e-01
8.543970049321563121e-01,8.745005783912175590e-02,9.722410850599416676e-02,-3.069257187912285412e-01
8.554445772998467978e-01,1.056684988108333861e-01,9.651510760552681201e-02,-3.153413237595965035e-01
8.545809516998011945e-01,1.266584241665036359e-01,8.442684090644630990e-02,-3.228983162041598187e-01
8.554566238316504423e-01,1.356550183819134892e-01,1.089771508269851835e-01,-3.281921710934809222e-01
8.584829162253457824e-01,1.508649449087450245e-01,1.169369246616397406e-01,-3.174737907657175229e-01
8.549856224232206259e-01,1.568060962780508383e-01,1.116873908287836920e-01,-3.325178629403732766e-01
8.564424187867568650e-01,1.787560758455935539e-01,1.223199507607723446e-01,-3.393792347354835925e-01
8.603685075940048499e-01,1.962628912844375240e-01,1.194649289595685199e-01,-3.252855278504107051e-01
8.576296748009468729e-01,1.966482357455963115e-01,1.049507774834462365e-01,-3.484131576331317426e-01
8.558628759555330090e-01,2.174322709570826462e-01,1.071875352570928336e-01,-3.363473054062449119e-01
8.563824628814241668e-01,2.311033246993891010e-01,1.143625983447424249e-01,-3.406264619485764866e-01
8.558260261241606992e-01,2.511157547854842020e-01,9.916859906042807538e-02,-3.479025483946218689e-01
8.581939475273768769e-01,2.604449192507618527e-01,1.110561165280902068e-01,-3.413107636296575098e-01
8.580234119245659929e-01,2.795197796802834644e-01,1.054807520542017929e-01,-3.416393461739032911e-01
8.575220852388678594e-01,2.786609322944212375e-01,8.374484717824523528e-02,-3.557253144879686246e-01
8.590295351870951279e-01,2.994214627573176801e-01,9.378251338129256487e-02,-3.454198648294696250e-01
8.661524291065512138e-01,3.191445161486217708e-01,9.790248479700779105e-02,-3.420109129750275034e-01
8.582743537865288319e-01,3.301334485751784009e-01,8.861442861603333054e-02,-3.386562806098435963e-01
8.591220536313262102e-01,3.515188045464028854e-01,1.069687526794343563e-01,-3.212332361480395027e-01
8.641518717291605256e-01,3.663424804194399531e-01,9.995240487171752619e-02,-3.187383120884844656e-01
8.614882633767272369e-01,3.745377345218365850e-01,8.909440359335889237e-02,-3.280551653674245172e-01
8.592006562485557941e-01,3.921866144364729578e-01,7.375682858753317139e-02,-3.286313681842394363e-01
8.640805454584958856e-01,4.136018401003727640e-01,7.306700084690567754e-02,-3.260861794709843386e-01
8.623291083797889334e-01,4.066260180441073624e-01,5.261064184146256595e-02,-3.101699221667761353e-01
8.596140364389727173e-01,4.220217389832685573e-01,6.337923350626274710e-02,-3.099253909200637147e-01
8.642033480872863827e-01,4.326173936669571174e-01,4.809017716606753950e-02,-3.039488375482203297e-01
8.624949532766815752e-01,4.418983894553604741e-01,4.788195680952390260e-02,-2.899988193952399707e-01
8.614149202103654757e-01,4.577723188338548854e-01,3.543735275704470999e-02,-2.822163040635717324e-01
8.608185074919570967e-01,4.717516864268581078e-01,1.428220238128146725e-02,-2.844363220888886934e-01
8.620211520080818257e-01,4.613929755064698490e-01,1.838379131795324362e-02,-2.782149706590500982e-01
8.675392591804406139e-01,4.867840897102422848e-01,1.924874616398585328e-02,-2.726701036066862538e-01
8.634830911611649507e-01,4.973970094564520439e-01,6.208572772185485134e-04,-2.507863886763553873e-01
8.632693492515026712e-01,5.048423743899607130e-01,1.635717857840049937e-03,-2.429933805085226217e-01
8.628561319479833847e-01,5.071221443325104605e-01,-9.554123610227914509e-03,-2.384320122378546514e-01
8.653303501566069755e-01,5.248860810021171996e-01,-1.580183103676563450e-02,-2.200317376093524624e-01
8.672801103617443497e-01,5.205183314729765476e-01,-1.643465242172064550e-02,-2.203987352953383771e-01
8.646668795750457326e-01,5.264217653021500132e-01,-3.301714224604710562e-02,-1.933475504901429054e-01
8.673940920797023058e-01,5.448636391457992723e-01,-3.859490594189009249e-02,-1.902735713336574652e-01
8.634712446632434313e-01,5.348155912886881636e-01,-4.741694336269946380e-02,-1.845176673901631759e-01
8.648697250156310856e-01,5.348245755131532109e-01,-5.602494698479442564e-02,-1.850679505500710254e-01
8.693726374317568562e-01,5.404089426974191257e-01,-6.733172499112026477e-02,-1.609552472039253446e-01
8.636314828902220686e-01,5.337721208577733689e-01,-7.768046192660447991e-02,-1.622515551573347481e-01
8.682642146085143287e-01,5.401902527424327083e-01,-8.510727163267695072e-02,-1.485309585472397720e-01
8.660336492500476657e-01,5.418027073454315667e-01,-8.408005655435119019e-02,-1.215735897611595062e-01
8.708630904006362528e-01,5.422231342097081352e-01,-9.191026006114925984e-02,-1.238616395647008234e-01
8.638769728387666325e-01,5.434578287789828543e-01,-1.151545181229450820e-01,-1.115383790232725297e-01
8.697166928421201648e-01,5.464236048606618823e-01,-1.118863384511536024e-01,-8.654631363889320195e-02
8.666706097889814719e-01,5.357726377008004137e-01,-1.247052509004611259e-01,-7.265742087441832975e-02
8.636080334065545649e-01,5.427559615038248797e-01,-1.378821139448504485e-01,-7.611282018514499426e-02
8.619772623441238624e-01,5.242575752006906065e-01,-1.540851907726765169e-01,-7.105857799989293011e-02
8.638919256575768868e-01,5.256438910568055345e-01,-1.377977741177930648e-01,-6.509853084177136262e-02
8.661361935481730612e-01,5.136433060595401168e-01,-1.485170508177301729e-01,-5.151567704966004968e-02
8.624423071386074779e-01,5.203022257703275866e-01,-1.568077353025780218e-01,-2.907013619142826202e-02
8.638318693020692329e-01,5.113812019345568283e-01,-1.635334102058659533e-01,-1.650603834735379222e-02
8.636999010748367400e-01,4.901368021354938209e-01,-1.898599579766979406e-01,-8.101214642082106912e-03
8.683846080847872351e-01,4.926767444090852655e-01,-1.710679762258739411e-01,-3.069747655960634175e-03
8.657575594118552820e-01,4.936548302617585482e-01,-1.753624220906864484e-01,1.958298136663393519e-03
8.668356078800456554e-01,4.721257877869681208e-01,-1.897738453665881730e-01,1.117580933591858297e-02
8.630439702162857607e-01,4.614680951406591736e-01,-2.143550830869160595e-01,1.902148195377374035e-02
8.642539053174709274e-01,4.418234225359662926e-01,-2.036671498229946364e-01,2.816453638147444621e-02
8.602739194691608748e-01,4.464977937763554561e-01,-1.918608595828737995e-01,3.839078519400938166e-02
8.638609759402494648e-01,4.341365862842994083e-01,-1.981274686552724484e-01,3.685152567689266995e-02
8.606690315289083903e-01,4.234195824799706909e-01,-2.014028772839578374e-01,5.150938324810938607e-02
8.635529850469270130e-01,3.994228153929599290e-01,-2.183137651424222614e-01,4.779473478232738881e-02
8.631016698406481780e-01,3.935467692336261369e-01,-2.129751984800507536e-01,4.744693335272125168e-02
8.611534361675116100e-01,3.748433290905606174e-01,-2.199038692490707381e-01,5.749964332007266588e-02
8.637256987336118241e-01,3.534780756039885841e-01,-2.314407189771460205e-01,5.968847613006450503e-02
8.573527205755532288e-01,3.411429678794360432e-01,-2.296163952201249747e-01,6.224241703139587328e-02
8.605711783299697659e-01,3.463859431247462983e-01,-2.289709738154749319e-01,8.073115049766448059e-02
8.569632494591467031e-01,3.278492407052324142e-01,-2.159069738282455853e-01,7.229619281818613907e-02
8.575360092955700564e-01,3.154636754255861764e-01,-2.173786284741275054e-01,8.498088282454234477e-02
8.584328985355987873e-01,3.122640794768982708e-01,-2.176001635927443667e-01,9.361868096548112139e-02
8.610649981138508435e-01,2.916303592507050735e-01,-2.108044214023739593e-01,8.280063585056540720e-02
8.618923728123253358e-01,2.681692193543683267e-01,-2.185496394648345220e-01,7.948315011698173227e-02
8.569988548911783299e-01,2.537075817214596851e-01,-2.140660634284049235e-01,8.178713599084830310e-02
8.548089492096307973e-01,2.514438005031793821e-01,-2.139852850433795473e-01,9.925109808389813437e-02
8.528700529448095535e-01,2.203822078030638343e-01,-2.165159975775040324e-01,7.942778006315175110e-02
8.596615405221080808e-01,2.148630711189407905e-01,-1.978650255772930189e-01,8.116359302947875887e-02
8.607079314501900891e-01,2.080781382248039768e-01,-1.878369024778602236e-01,9.177425725968937908e-02
8.583190227740005174e-01,1.906356228036391598e-01,-2.248105522655962363e-01,8.621766964869305439e-02
8.579941107937807399e-01,1.761180273797249840e-01,-2.036450977419718977e-01,6.927049473083003728e-02
8.603984195726190887e-01,1.708383011910625804e-01,-1.788470560479837046e-01,7.562031935214237610e-02
8.543562037635582529e-01,1.512831441235337471e-01,-2.056693256844652484e-01,7.993249571142811705e-02
8.514422878282207341e-01,1.381171093276722384e-01,-1.823930276314657262e-01,6.914124285382004798e-02
8.538052418061632398e-01,1.422197766938662900e-01,-1.794182724996112865e-01,5.780142602062969537e-02
8.545306164778114777e-01,1.230332272320547038e-01,-1.764284023070386287e-01,7.033377467761040003e-02
8.605097517485323921e-01,1.113631918908990492e-01,-1.596484724782144538e-01,6.444739902158565237e-02
8.529263026601606734e-01,9.407495960516754074e-02,-1.695270815763934846e-01,4.193613098205762474e-02
8.553855797703739938e-01,7.052780134302824577e-02,-1.640196686667166615e-01,2.676869183506116329e-02
8.539320152555961441e-01,6.696637369310233512e-02,-1.472551263137263922e-01,3.757071511423532711e-02
8.579545514506105031e-01,6.311909225526644851e-02,-1.468747265864603635e-01,2.766001966374313087e-02
8.511921896161929180e-01,5.607667409157383182e-02,-1.432164351550413162e-01,1.406551254394899572e-02
8.527235765175635862e-01,4.342448518056234164e-02,-1.130883601736265703e-01,1.290362394360406286e-03
8.567776981144831216e-01,4.221416506047464406e-02,-1.180371264223371713e-01,3.474780732581506538e-03
8.498154642833941619e-01,1.869151367050849930e-02,-1.262215920423702953e-01,-1.219925311261165629e-02
8.538262338614108771e-01,2.423927234220290064e-02,-1.053680240448387900e-01,-1.381909142838985173e-02
8.519266912520383483e-01,2.453055398996935310e-02,-8.550854449113941269e-02,-1.506955672884562752e-02
8.507668929687099979e-01,-4.964290339027099472e-03,-1.048186000331892409e-01,-3.740859728025104636e-02
8.530383941672283754e-01,2.962198725772420983e-03,-9.211977019091109609e-02,-4.588407539943410024e-02
8.494774162287352937e-01,-6.877774720193071539e-03,-9.157721323592854512e-02,-5.499315006005069117e-02
8.488105337470043255e-01,-5.009080521839087523e-03,-6.518143894460790011e-02,-6.207210034030054280e-02
8.522679595454890622e-01,-4.984794971744426102e-03,-7.098753207737358573e-02,-7.234186021669758437e-02
8.526161404584531311e-01,-1.054505460033712018e-02,-6.052591707144324568e-02,-7.458375080822719772e-02
8.510085224418021399e-01,-1.568474210884309925e-02,-4.827736021818211654e-02,-9.591749345646541358e-02
8.525202405541575379e-01,-1.243841244045388109e-02,-3.476007818927390886e-02,-1.067991268487680223e-01
8.489033362245500536e-01,-2.073329858354087604e-02,-4.376680841682579343e-02,-1.091511835335575997e-01
8.490487537528716988e-01,-2.218841068837697911e-02,-1.855871579624206180e-02,-1.225602895896269612e-01
8.512260717829280843e-01,-1.250417732987710133e-02,-4.979108707291079322e-03,-1.301163222064510572e-01
8.507656124095294148e-01,-1.377558098407448417e-02,-9.402236191939921869e-03,-1.434683595981935955e-01
8.493233880392396795e-01,-2.382239194411309505e-02,-7.213864515893850596e-03,-1.574206740401692395e-01
8.556300894768923415e-01,-1.283520407254261711e-02,2.548784314613638038e-02,-1.734540110368729404e-01
8.525170150157790339e-01,-1.428716138799011534e-02,3.889617282696310532e-03,-1.744837554438942451e-01
8.535900580241413405e-01,-1.445342850154060672e-02,1.746081682183809464e-02,-1.831433776903976518e-01
8.483677278505504793e-01,2.783448274587905797e-03,4.672137188615802655e-02,-1.897624421397186845e-01
8.582022377735842866e-01,-2.121168146405343676e-03,3.167657861847216622e-02,-2.236639077535798881e-01
8.522022808479347011e-01,1.135800102054874928e-03,3.797825320115252173e-02,-2.230766185372632382e-01
8.555064929702889120e-01,1.627408026109630410e-02,6.137216529625078021e-02,-2.308834493011171218e-01
8.522407121025920018e-01,1.643094143943481245e-02,5.728065749009713520e-02,-2.368421705752822293e-01
8.539884928266674446e-01,1.306498902361708826e-02,7.535024559412310807e-02,-2.446169926061745326e-01
8.528898003800775562e-01,4.154929115552615654e-02,7.238614727711203956e-02,-2.506312199485287162e-01
8.505640893896985189e-01,2.932626490557841206e-02,6.642495888127572523e-02,-2.688061493388117507e-01
8.512513259815140954e-01,4.954140310774018258e-02,7.197022287083944259e-02,-2.772794907904076456e-01
8.552065581275852812e-01,6.351256194362848995e-02,8.165933043376712164e-02,-2.976469208945276557e-01
8.548920507116244405e-01,7.791737591459102497e-02,9.585784902535664231e-02,-2.781105438217263970e-01
8.525066516418857709e-01,8.297880139324823046e-02,8.928386907947150064e-02,-2.974812642077215297e-01
8.490304894214351084e-01,9.076318081682212269e-02,9.321647935156837650e-02,-3.075008363767986475e-01
8.536571084709032586e-01,1.011846993365222991e-01,1.020214505261134025e-01,-3.071071297448574877e-01
8.536011968802625915e-01,1.231998169894087530e-01,9.454881444738755247e-02,-3.180408035878892203e-01
8.535101099971243999e-01,1.211075696225741016e-01,7.574848702103778586e-02,-3.309011033295109483e-01
8.517486663024138593e-01,1.357376239316994693e-01,1.108229777564798402e-01,-3.295412732166754788e-01
8.544230587203499594e-01,1.508481752322012870e-01,1.128682974918061299e-01,-3.290475267636212564e-01
8.568401920142653116e-01,1.584569484866767963e-01,9.324980003615811197e-02,-3.229266628997907174e-01
8.596183862820394594e-01,1.841623789039385783e-01,1.044325652242480140e-01,-3.314967488167394616e-01
8.594726383494009081e-01,1.883896856355357086e-01,1.128550913579858539e-01,-3.351414167822945323e-01
8.590021133568492839e-01,2.058641594080994897e-01,1.078111946127715687e-01,-3.466072316395145125e-01
8.528401708124324632e-01,2.223159528935312323e-01,9.611932946228463059e-02,-3.613193547929983152e-01
8.600611936260107449e-01,2.367070272224527372e-01,1.162354561834972183e-01,-3.424301380268257589e-01
8.561471785088704545e-01,2.467861568424739860e-01,9.970182623059940796e-02,-3.461996535726294955e-01
8.590052226531141866e-01,2.725260016624259651e-01,1.041654247060649630e-01,-3.351710063856101485e-01
8.578505068200447115e-01,2.749746239557041005e-01,1.065771903124266701e-01,-3.449197018287069039e-01
8.603620975360117829e-01,2.949538017023795589e-01,8.254330124449385520e-02,-3.517509005982463743e-01
8.648122631743965227e-01,3.034804525222662974e-01,9.135692323908822798e-02,-3.457317914830045358e-01
8.621795325108574382e-01,3.227238361373294673e-01,8.841373153871943946e-02,-3.497733298801069535e-01
8.577067622292057214e-01,3.400004305112110381e-01,9.182728214020724478e-02,-3.308458702763839576e-01
8.583028629384900077e-01,3.458208555914885629e-01,7.298746039140587005e-02,-3.449863429478861598e-01
8.614277207179431572e-01,3.599307726613717451e-01,6.265658266374668495e-02,-3.351822028314947466e-01
8.581701658825351409e-01,3.811848583497055021e-01,6.760513378296831299e-02,-3.317460003493295506e-01
8.615608805111807378e-01,3.926044320775421981e-01,6.471410621927660423e-02,-3.168971011123299930e-01
8.607419129660377477e-01,3.972822299473748875e-01,6.573742625799346151e-02,-3.131308413945150804e-01
8.620195561844317123e-01,4.278478453506717183e-01,6.150233431859727234e-02,-3.015046645040019846e-01
8.642584684081137114e-01,4.175315868362918792e-01,4.396588652627190369e-02,-3.096779624045957746e-01
8.620152934940492617e-01,4.384310967455571917e-01,3.218323467892465067e-02,-3.055420988981751296e-01
8.622591661520241368e-01,4.654952904122148793e-01,4.556799839789946183e-02,-2.785065296703240767e-01
8.662084119043934605e-01,4.700896004651074489e-01,2.889473281492898823e-02,-2.823335976077339660e-01
8.645694880666326965e-01,4.588743778929035844e-01,-1.002121377165714373e-02,-2.909092391698933078e-01
8.603570197279714060e-01,4.788928042895563841e-01,6.476202371468576082e-04,-2.651163446013549696e-01
8.634131747434959925e-01,4.865742742085529815e-01,1.396989096690803671e-02,-2.570391361482206039e-01
8.655536112685277006e-01,5.016317753770626053e-01,1.559509915764364669e-03,-2.556679106897890019e-01
8.668522215571170531e-01,5.067252311666341491e-01,5.946120596421708730e-04,-2.430884490732674874e-01
8.672057180428026646e-01,5.039320292697745396e-01,-1.873604329183784639e-02,-2.264620442603472172e-01
8.675127228707001370e-01,5.204319189436318327e-01,-2.833984318180971657e-02,-2.230604402460517333e-01
8.700488252659692723e-01,5.216995621421649520e-01,-2.175003691236973569e-02,-2.151545711440157604e-01
8.602210165692827371e-01,5.243785501634742330e-01,-3.436334279753612553e-02,-2.009072669774466524e-01
8.705635826063472527e-01,5.273352238876257703e-01,-3.307999294582989608e-02,-1.912041339313302613e-01
8.697460919005656210e-01,5.207047849350041613e-01,-5.611042774578309245e-02,-1.922818370753349992e-01
8.664312079320166671e-01,5.405383108793396785e-01,-5.736670598239081847e-02,-1.776254083505234282e-01
8.642367413362790352e-01,5.317215186329685706e-01,-6.680874521792452836e-02,-1.691232343613744415e-01
8.660384103464412453e-01,5.439485287450164241e-01,-8.120518871048867937e-02,-1.562959861133241812e-01
8.658540821499502993e-01,5.376077563459460418e-01,-9.749648391936613367e-02,-1.423632284941671600e-01
8.675923906719262835e-01,5.379575392336292117e-01,-9.553754274259403101e-02,-1.343411308104565105e-01
8.641877572492238091e-01,5.568797061755297317e-01,-9.884725985243027202e-02,-1.159683204529844136e-01
8.653758067843272395e-01,5.356908236430589776e-01,-1.115777066359926045e-01,-1.132673602901525661e-01
8.668240136510292349e-01,5.241064504055081841e-01,-1.282913337016586552e-01,-1.058034784412929946e-01
8.636893305307067337e-01,5.293434318602502353e-01,-1.234073063384076435e-01,-8.894177436473779674e-02
8.678958810284571612e-01,5.318987124699628977e-01,-1.320845179780279488e-01,-7.712344759316773490e-02
8.633711254024508674e-01,5.222308017139247749e-01,-1.436983033683498778e-01,-7.180587166475715932e-02
8.634406430309830016e-01,5.202130152840336308e-01,-1.442649344712668147e-01,-5.198579717142640111e-02
8.685120201847514876e-01,5.208734786559277019e-01,-1.400277074381104103e-01,-3.720768237547936175e-02
8.658273244022901549e-01,5.018213118199357226e-01,-1.692552064901303444e-01,-3.991403885336859692e-02
8.620579300651719512e-01,5.065162308829029847e-01,-1.595216955461212505e-01,-2.679767307083918276e-02
8.653440710558305549e-01,4.988412923868416615e-01,-1.648996867174766789e-01,-1.012860568119921222e-02
8.679549021731622904e-01,4.838377406959215032e-01,-1.792051563623824062e-01,-9.693841451782049187e-03
8.627666956437390899e-01,4.823331557570149086e-01,-1.723287972587172756e-01,5.172436882410277534e-03
8.670626308326715437e-01,4.828566839846189507e-01,-1.788083260564609367e-01,1.907597130018717432e-02
8.635834485591907805e-01,4.511339161640561257e-01,-1.945125805427669607e-01,1.442422824529702476e-02
8.621544043215421116e-01,4.397993986399685862e-01,-2.025761862518659084e-01,3.146943231074713493e-02
8.601358692826618357e-01,4.384620262523559187e-01,-2.145792056587121355e-01,3.623706829711330346e-02
8.620339163885236689e-01,4.300182396101473459e-01,-2.019208289433112591e-01,4.527811345844334062e-02
8.581692544810748391e-01,4.102601945755303126e-01,-2.248066845398370983e-01,3.492166555322386706e-02
8.621329557970210944e-01,4.132298813186752184e-01,-2.128704930877771129e-01,4.973893895953248462e-02
8.629779384207928450e-01,3.962018805255196341e-01,-2.257476474669458111e-01,5.397894341529509837e-02
8.655154358456608188e-01,3.773441006265779163e-01,-2.216134248667710194e-01,5.780697414702538894e-02
8.658298437256974900e-01,3.602594231418677073e-01,-2.137488183395371555e-01,6.413038526061007327e-02
8.619767319245554837e-01,3.602517830295521306e-01,-2.084533295881896287e-01,7.962508176288778106e-02
8.638723957289357047e-01,3.468012586282334109e-01,-2.308628461051906167e-01,7.250079549846442928e-02
8.566429721503618921e-01,3.359064799914494581e-01,-2.157858663030968738e-01,8.715786418312794492e-02
8.642662401726910471e-01,3.116036613567531588e-01,-2.100675733758585739e-01,8.223383906587165837e-02
8.584929435507127060e-01,2.888162402123381489e-01,-2.286207922008744453e-01,8.355513021713696642e-02
8.664741806704732152e-01,2.881849325227623937e-01,-2.096448333267307007e-01,7.918650122951531589e-02
8.600953899310820328e-01,2.763743493950678864e-01,-2.105892090312926623e-01,9.143442653217198623e-02
8.555870307053546897e-01,2.475073026808509991e-01,-2.259309258048980695e-01,7.729457143955027754e-02
8.641423714096914122e-01,2.476062701243477993e-01,-1.944567017787372232e-01,8.769799353893015237e-02
8.566407007502095938e-01,2.407460750552095907e-01,-1.992093948814795679e-01,1.096876818361053468e-01
8.549002138981657284e-01,2.084170566758575538e-01,-2.105065072938249460e-01,9.195624102021382473e-02
8.554045580776168389e-01,2.066588252561800676e-01,-1.989678945157025702e-01,8.331529275824151037e-02
8.575895738479328845e-01,1.971453276964483803e-01,-1.898647767408730147e-01,9.173193043215785436e-02
8.581387628714433058e-01,1.757663200510591328e-01,-2.038982450686613324e-01,7.884239549450290652e-02
8.583123474129568109e-01,1.593682325006599287e-01,-2.048115667243659010e-01,7.603462060295909652e-02
8.586766958294882457e-01,1.470724143376383741e-01,-1.695368671657792869e-01,6.501368579681172932e-02
8.548464560092124964e-01,1.351267287602153366e-01,-1.812193086611097459e-01,7.709722069337747452e-02
8.548478667666331576e-01,1.200524666179700051e-01,-1.938835699068149065e-01,5.356315902576967020e-02
8.536942676927173901e-01,1.062173190816879803e-01,-1.795493622793347122e-01,5.489981891432609701e-02
8.559477797074992456e-01,9.983981958612615781e-02,-1.603862795917928574e-01,5.420311501497854928e-02
8.516371017389727793e-01,7.667418579527011946e-02,-1.727120851710918503e-01,4.259461306393940577e-02
8.560022636089172909e-01,6.949241541455500326e-02,-1.568881037628548081e-01,4.102779453110004526e-02
8.560422118591256568e-01,6.715899514630474521e-02,-1.446547336555834284e-01,2.435324011403673314e-02
8.559147468433518924e-01,5.755754266840033828e-02,-1.532480438026996017e-01,3.377748455469758299e-02
8.504777660839335507e-01,4.553874516123099930e-02,-1.429458688150175016e-01,1.308156373738802482e-02
8.582971526430436260e-01,4.477456679599055994e-02,-1.317573368032702030e-01,5.000254444663720758e-03
8.482622831683839237e-01,3.033744887928395417e-02,-1.324741506157672555e-01,3.770144494548239612e-03
8.503702259632270888e-01,1.420636674786122586e-02,-1.254621841752940892e-01,3.814180233641280716e-03
8.524307595696851703e-01,1.966019723816941206e-02,-9.475723134797489622e-02,-1.761377740295083302e-02
8.507540651492018213e-01,1.393071162267796488e-02,-1.127586622428577434e-01,-2.390161217584164596e-02
8.486687673785771047e-01,-1.578211328655433534e-03,-1.098375312322599495e-01,-4.120494298497238278e-02
8.510802379158117770e-01,-4.468348400698724551e-04,-9.065114717679452483e-02,-3.750087918164858591e-02
8.469047507325393465e-01,-1.197216974011721530e-02,-7.461182654121394087e-02,-5.148001389096845681e-02
8.511949669877928448e-01,-1.241332490119072089e-02,-7.903004021529765055e-02,-5.781325252087668454e-02
8.534180267712022649e-01,-2.256334557845073377e-02,-6.885825484815523423e-02,-8.051002764172479620e-02
8.483524113882109363e-01,-2.137854280034132484e-02,-4.076038086383138720e-02,-8.004828797927021622e-02
8.506153070547037842e-01,-2.053118476225105835e-02,-4.622947666552202489e-02,-9.311835349810634876e-02
8.490140564313133353e-01,-2.313881872385414873e-02,-3.379726437410768974e-02,-9.921570191499502755e-02
8.504223709230788186e-01,-3.043125489699010158e-02,-2.630429964252814154e-02,-1.113773481983462293e-01
8.464370777558348768e-01,-1.695789180712241329e-02,-8.252752220368739233e-03,-1.229673438952712528e-01
8.516911655879467746e-01,-1.705191369099856927e-02,3.476129522130686129e-04,-1.216414625257044441e-01
8.507894643915931976e-01,-1.982687154901588769e-02,-1.726686163815986316e-02,-1.467989875349931805e-01
8.529582781488395105e-01,-2.108827657672058403e-02,5.968195833525825542e-03,-1.461731418221001166e-01
8.515824055422238636e-01,-2.168649248730450743e-02,1.630231082790581723e-02,-1.686658108792323807e-01
8.499334328521467308e-01,-2.258111410439658101e-02,1.258705027885502307e-02,-1.813611340548034467e-01
8.516141703098439875e-01,-2.137128557179433092e-02,2.359438608760842243e-02,-1.979079909921819258e-01
8.525621653343088413e-01,3.316365578553922156e-03,4.047665199639294276e-02,-1.948894800683945439e-01
8.532989665406338631e-01,-2.032886648525333937e-03,3.822360145850661750e-02,-2.067573057475678155e-01
8.512867911111275943e-01,-8.151338160846819531e-03,4.974826608487546015e-02,-2.227500321788218052e-01
8.517250235897185773e-01,1.657129378191980057e-02,3.912442799249898906e-02,-2.291041091739838831e-01
8.533394238972644708e-01,1.777140375880099932e-02,6.274255344669778245e-02,-2.304046872273245727e-01
8.584620645467777589e-01,1.872899807228354738e-02,5.488058010440133305e-02,-2.477505981190796513e-01
8.522917910503852168e-01,2.720149007657019294e-02,5.007904076210457217e-02,-2.661055023102153472e-01
8.491376396963219442e-01,4.093856639141150999e-02,8.463491254331469149e-02,-2.588080609371754548e-01
8.555249589093212315e-01,4.904151447235409467e-02,7.190694786284346218e-02,-2.808118239610083444e-01
8.510817717667918947e-01,6.194192036765604897e-02,8.054118841996647793e-02,-2.830319010060419749e-01
8.534588925829783568e-01,6.785026869538145211e-02,9.280486243920056666e-02,-2.839382657905539231e-01
8.516226485263218571e-01,8.584506715567913337e-02,8.206618045766597702e-02,-2.928093745746289667e-01
8.494758370653353596e-01,8.904665229392880188e-02,8.919950326572388677e-02,-3.016254011423640247e-01
8.522545725795640514e-01,1.053683135524583203e-01,1.045481778651438237e-01,-3.146598308010042366e-01
8.562027937482995510e-01,1.243878639222322363e-01,1.223228945820759445e-01,-3.134699759754273063e-01
8.546401364132699685e-01,1.267588722149771696e-01,1.047853782743661394e-01,-3.294638309740656190e-01
8.600983816662195469e-01,1.346062842554471284e-01,1.162766798391738493e-01,-3.223286823728298001e-01
8.517375962744252460e-01,1.566307466131558190e-01,1.150941388129147619e-01,-3.253614471252070373e-01
8.588066201113181419e-01,1.737867421584451122e-01,1.131834902842439455e-01,-3.312342474332026221e-01
8.591473273848895253e-01,1.857197938326282105e-01,1.244080682581476249e-01,-3.273470262372563111e-01
8.528310342413042422e-01,1.936211067597000679e-01,1.017823243028714852e-01,-3.441212030076073458e-01
8.571146343888454977e-01,2.115470702791469315e-01,1.121025312796536666e-01,-3.445753030666485195e-01
8.520564467443987322e-01,2.196822001695752369e-01,1.092350149324626124e-01,-3.374100344288048503e-01
8.601820865075564537e-01,2.387970704195968574e-01,1.108886982727861487e-01,-3.601644171331205291e-01
8.520012647813315354e-01,2.434657727285259865e-01,8.791630105372492954e-02,-3.518587207289956553e-01
8.574853154678682143e-01,2.633213724195335725e-01,9.893827444959288342e-02,-3.464431028125919965e-01
8.536836958762648031e-01,2.908001091231339208e-01,1.097256721330967244e-01,-3.545071510349769306e-01
8.608178424751309343e-01,3.024611516242711740e-01,9.448847356264777897e-02,-3.403825639611464116e-01
8.592290560364400642e-01,3.151265514467282425e-01,8.888582065859368386e-02,-3.442308108308256842e-01
8.602330640073568846e-01,3.280986870074854012e-01,1.071960564620410283e-01,-3.362334398352329612e-01
8.570919260026056419e-01,3.457775801384087022e-01,8.526513036075128449e-02,-3.350080974834644398e-01
8.554832488432063675e-01,3.465802781633228746e-01,7.852035309530236429e-02,-3.356184467520528236e-01
8.563936031556262929e-01,3.766119262969665482e-01,9.050852848196384859e-02,-3.301162905504737011e-01
8.636635593639868658e-01,3.777620305072142415e-01,7.486558148154420778e-02,-3.285234991157625073e-01
8.610111371867242847e-01,3.877179806862902645e-01,5.875201900217114082e-02,-3.287914124973973506e-01
8.644110401873511540e-01,4.136099346932938237e-01,7.160627747568287793e-02,-3.078980341275337484e-01
8.608848764723544544e-01,4.202782877913076032e-01,4.423441095204218299e-02,-3.102815734884439292e-01
8.605219260296378403e-01,4.305761770736193372e-01,4.596599914457805136e-02,-3.008902253311138142e-01
8.583015312959293430e-01,4.402047323285228630e-01,5.073701147707536385e-02,-2.819071522285537812e-01
8.612106609940709534e-01,4.486554691698950714e-01,1.457593942534512500e-02,-2.846420385681994181e-01
8.641855682868818667e-01,4.410539163311087973e-01,2.410374536525504083e-02,-2.830646727078253155e-01
8.705660441031941588e-01,5.018469800980488449e-01,2.362355433754511486e-02,-2.771570333467541780e-01
8.649580118133989304e-01,5.050596700823889451e-01,2.146482959142638480e-02,-2.592688169922544583e-01
8.638933549458298611e-01,4.914316638101108858e-01,-1.075920735098546792e-02,-2.593349599597636335e-01
8.622810298035089582e-01,5.116723966328914353e-01,1.462071158962173663e-02,-2.385552605489339728e-01
8.621221775463256964e-01,5.064230380282301880e-01,-1.138951171019328239e-02,-2.429749688681457631e-01
8.649840944032178847e-01,5.196264843358582297e-01,-1.773847760625775136e-02,-2.223015470239938229e-01
8.660247433797800820e-01,5.327142015167368738e-01,-5.662448706007394521e-03,-2.047698704428031202e-01
8.658737068574626772e-01,5.223750790542758260e-01,-3.608307205792499195e-02,-2.084359197370470040e-01
8.646314769237446463e-01,5.244407164807437516e-01,-4.560490027839290278e-02,-2.051864193379081269e-01
8.659480744170703348e-01,5.374541603058476946e-01,-3.459467000900337541e-02,-1.941034201580319196e-01
8.658123991781405682e-01,5.434362156700206503e-01,-6.662213044833943665e-02,-1.685485760126690935e-01
8.671848521726468473e-01,5.378155539352844627e-01,-6.515177044191877709e-02,-1.695967649633217944e-01
8.681609996900919723e-01,5.447944894936697091e-01,-6.711476807405895861e-02,-1.536544639382931010e-01
8.696690861723134214e-01,5.359333597785317371e-01,-7.572439153173519955e-02,-1.528269698148928823e-01
8.684416646383450455e-01,5.389116109273444089e-01,-8.241184240307909692e-02,-1.401671286901211566e-01
8.631541603858129408e-01,5.451150781353392150e-01,-1.025313539322403461e-01,-1.325161730150584971e-01
8.664385869435327070e-01,5.443571997381271288e-01,-1.108389561031296183e-01,-1.200228915556776355e-01
8.652332646593443588e-01,5.352924871810802454e-01,-1.167322822961548018e-01,-1.026158200658626729e-01
8.639695565014119394e-01,5.378550905320322872e-01,-1.161609686258262414e-01,-9.996747838646022344e-02
8.635065269302176771e-01,5.329259989931575126e-01,-1.238063041922734669e-01,-7.741324514265926493e-02
8.684779147515049313e-01,5.369981925799371947e-01,-1.291685373910809453e-01,-6.378396960765735091e-02
8.608951728631359934e-01,5.345209556164066678e-01,-1.475039028729324964e-01,-4.938143205772466127e-02
8.649698617329417694e-01,5.178338447021160196e-01,-1.603694190691693777e-01,-5.975345943402296522e-02
8.631584336649263944e-01,5.128718078324734364e-01,-1.515363973038692524e-01,-3.994546384401802264e-02
8.703735334635612775e-01,5.131785669210640055e-01,-1.662368003934834304e-01,-2.835834721034796377e-02
8.657080863078345789e-01,4.972851408233480708e-01,-1.676614008233534014e-01,-2.829841411719245803e-02
8.659241289842533051e-01,4.997201945143838198e-01,-1.751892646712597812e-01,-1.027861084920803775e-02
8.618194195480948228e-01,4.873792503830235434e-01,-1.814768001668470576e-01,-2.502654791933281529e-03
8.672857644750707751e-01,4.778415648416042827e-01,-1.891656624317372137e-01,2.268295265841476643e-02
8.594006476675325468e-01,4.652354161392264764e-01,-1.906500310272241649e-01,2.423346225186681635e-02
8.666781248648286473e-01,4.583064818456319411e-01,-1.712711543277450621e-01,3.332791113193677573e-02
8.652341380538157711e-01,4.465429901397804380e-01,-1.906661226681951038e-01,3.378373518753577387e-02
8.580472676435159096e-01,4.308251922898789776e-01,-2.079751888481695954e-01,4.019261597294100652e-02
8.648510933495795472e-01,4.216650748399742299e-01,-2.207364795637073440e-01,5.392839744453831186e-02
8.639551466695885029e-01,4.125856948226999110e-01,-2.073166719277033665e-01,5.386071263525919750e-02
8.678795593367938377e-01,3.945212406998076515e-01,-2.057782382034500368e-01,5.507445543030854013e-02
8.628431267989598030e-01,3.755839886850316223e-01,-2.153734029400881655e-01,5.830930641349246074e-02
8.626306846470971346e-01,3.756401066550208445e-01,-2.018473256254210424e-01,7.598803926624578264e-02
8.563977681847991796e-01,3.579202918398320943e-01,-2.204246417800811708e-01,6.951553669646649836e-02
8.587743478208835768e-01,3.507548544726838413e-01,-2.111604564789357208e-01,8.037788989267358186e-02
8.634937753631171109e-01,3.369226817215044134e-01,-2.150641619978637120e-01,7.721747367400264017e-02
8.591644468230281717e-01,3.202515512927640584e-01,-2.173734226613336651e-01,9.141505679349237745e-02
8.539466329354569174e-01,2.982827532357437694e-01,-2.173814509246749238e-01,8.255039377243002241e-02
8.594226221498237894e-01,2.981458702137229633e-01,-2.027782245652334225e-01,9.136212263119818100e-02
8.613658272474677968e-01,2.728139111630061842e-01,-2.086199488404379965e-01,8.532755394222564516e-02
8.595905360288392805e-01,2.624245719643323871e-01,-2.118733610935326084e-01,8.052845837680937258e-02
8.621064316625665080e-01,2.528925851010264125e-01,-1.872926795294669600e-01,9.374956797241563999e-02
8.574162155908490179e-01,2.339647616317542533e-01,-2.123861747084773433e-01,9.305728060876573837e-02
8.565081559251810361e-01,2.283657143878684848e-01,-2.105371634899068645e-01,8.179460379890828026e-02
8.598324663416050395e-01,2.192033593231808297e-01,-1.923837286535304281e-01,7.931168262745424968e-02
8.568600690091942029e-01,1.876785923483743068e-01,-2.145927725062783675e-01,8.909912985150461595e-02
8.566405415587240446e-01,1.967769607002652632e-01,-1.863762494730440700e-01,8.648188263277563348e-02
8.574152292833313593e-01,1.653733363171593640e-01,-1.929286968566057414e-01,7.608122768255611013e-02
8.556137433566641803e-01,1.496478932327719447e-01,-2.035070407084217381e-01,6.421239567998925091e-02
8.610170961771616005e-01,1.443295508034107555e-01,-1.680701745188774576e-01,7.226063602222609905e-02
8.580432852629480411e-01,1.309424437366427385e-01,-1.773632904520489051e-01,5.566489154358530977e-02
8.561756615780811153e-01,1.151053040892747320e-01,-1.965657819020142361e-01,5.062839598650938772e-02
8.535137362560506480e-01,1.085264754210287785e-01,-1.712686547637080614e-01,6.104366440988773929e-02
8.505311790154594931e-01,9.759146749133866539e-02,-1.664757604526054813e-01,3.990029823975810297e-02
8.508396945657663579e-01,8.717838417138726315e-02,-1.543980290898874508e-01,4.560050095500423756e-02
8.528683936193340864e-01,8.145597292108518184e-02,-1.406436712701963909e-01,4.007149812944851147e-02
8.533399587286223387e-01,6.536436809625843780e-02,-1.539777525079617515e-01,3.084391609950138877e-02
8.538429716827607985e-01,4.290734838719804933e-02,-1.463895673260839636e-01,1.188553792248708829e-02
8.511279370779949449e-01,4.501195188835621641e-02,-1.275845844005185636e-01,-2.004194523477212039e-03
8.529933204604340791e-01,3.733284811376266082e-02,-1.275609304177078573e-01,2.808159159239436483e-03
8.478035594258485075e-01,2.133050809549631721e-02,-1.147691379324501521e-01,-6.608216902014877811e-03
8.552999782165927600e-01,1.990215994672225874e-02,-1.013518933930628307e-01,1.175217339163625238e-03
8.491090269685778180e-01,1.123518661355885073e-02,-1.065808210020645214e-01,-2.499927022746858962e-02
8.558324819829089547e-01,2.036751578053400558e-03,-1.180430064947851632e-01,-2.540354390614427485e-02
8.510468456793205405e-01,2.552953979397617427e-03,-8.925752467964731540e-02,-4.791168056771821088e-02
8.515260822595183132e-01,-3.944795270559759565e-03,-7.116986075380811461e-02,-4.295490824422077553e-02
8.491202016342651593e-01,-1.887759330557801929e-02,-8.124106560575891645e-02,-6.552551570928420721e-02
8.504991611261706330e-01,-1.882848940711095986e-02,-7.388470083412446154e-02,-7.255453915195755887e-02
8.534431918366397474e-01,-1.321801281042527497e-02,-4.912489978847330713e-02,-7.599504793428722704e-02
8.470175270159866487e-01,-3.728184316737209736e-02,-5.564550305796739371e-02,-8.062065154356001795e-02
8.488796447740381002e-01,-3.884337509945805927e-02,-3.965659488254613674e-02,-9.998757926741622115e-02
8.479434343979447286e-01,-1.503955515200632378e-02,-3.475000641468888735e-02,-1.097589128576060558e-01
8.465496874974823838e-01,-3.003906959152131961e-02,-3.607883588568680522e-02,-1.185335339014914197e-01
8.497322624067065178e-01,-1.887058810945190998e-02,-2.025112324110638073e-02,-1.355262069940541547e-01
8.468170061186512942e-01,-1.751002848978971960e-02,2.450436984356765650e-03,-1.348687328521638862e-01
8.449014453238817834e-01,-2.569586933497478021e-02,-5.430200504954331431e-03,-1.691500939096561573e-01
8.480970017689718476e-01,-2.474540940962415697e-02,-1.286546648035123870e-02,-1.608848357437649979e-01
8.510990123351217518e-01,-2.779241011611999559e-02,7.570407381622885554e-03,-1.813933593197725735e-01
8.497447354394993546e-01,-1.215745274411202462e-02,1.939026828175988149e-02,-1.849298258721218668e-01
8.485658868549642575e-01,-1.515649295532616771e-02,3.184931919555345631e-02,-1.948135206872906033e-01
8.464090915724743480e-01,-5.260348136622360754e-03,2.171000088992787111e-02,-2.016332091371200452e-01
8.505527964671992791e-01,-9.628642547140731783e-03,2.990586481712030967e-02,-2.228183400949058923e-01
8.463660064490053925e-01,-5.202066920238157359e-03,2.274576321380490304e-02,-2.407808646880015002e-01
8.520869287820034277e-01,6.617417968549012264e-03,6.517193902904011571e-02,-2.414250791617572611e-01
8.534355613187368794e-01,2.300079581492548222e-02,6.744673642568774219e-02,-2.321972253701178046e-01
8.504128380530884268e-01,2.720414203922348617e-02,5.280360060822043150e-02,-2.521926889972173069e-01
8.504444212843633721e-01,3.254420214845888532e-02,6.629541321805693110e-02,-2.632007504592512315e-01
8.495339480877824867e-01,5.391365037379461378e-02,7.652250491901285701e-02,-2.767900477289576000e-01
8.572345951227611227e-01,5.962070618978720926e-02,9.107235932659504818e-02,-2.764470026253667556e-01
8.554229871606268132e-01,6.474915087731331065e-02,8.907342645954950677e-02,-2.656799719370692148e-01
8.508651945727183641e-01,7.823572994354861809e-02,8.324203589121123570e-02,-2.943992803856580465e-01
8.555720950705196781e-01,8.978572053119877883e-02,9.843262881097998573e-02,-3.098901425264549703e-01
8.507114654956098310e-01,9.124406647362050260e-02,9.717745934171462263e-02,-2.946285958857749465e-01
8.498095823539493221e-01,9.470509945856624145e-02,8.015546459322957229e-02,-3.230063087457192839e-01
8.552216793396832939e-01,1.211868144161256378e-01,1.032555388574633859e-01,-3.212892256453575568e-01
8.492159205693574631e-01,1.331886891728346067e-01,9.727815524132708835e-02,-3.199494668186691482e-01
8.585704400440852258e-01,1.419327475780308156e-01,1.219961556608658015e-01,-3.273320576926905257e-01
8.527274334103233100e-01,1.617786510868522154e-01,1.010703581817267299e-01,-3.396134964753215191e-01
8.519277812668993866e-01,1.668088383942736563e-01,8.338885063664844277e-02,-3.397896834878129657e-01
8.589350771829564746e-01,1.793090786865272901e-01,1.117549189322336739e-01,-3.425108253773394562e-01
8.580772837508563455e-01,2.058810368541913460e-01,1.191478133530262384e-01,-3.326532817140909204e-01
8.538923808429068618e-01,2.043777136157681473e-01,9.097209210123689826e-02,-3.391304372333710515e-01
8.548056226448191852e-01,2.289585941418254555e-01,1.081917279520388381e-01,-3.495138792736816047e-01
8.566579376502817533e-01,2.491106569469211385e-01,9.793549008249811949e-02,-3.421685369971946833e-01
8.575053714844543817e-01,2.508161830329008746e-01,8.790128627973757547e-02,-3.520366423577159787e-01
8.590392672968142351e-01,2.697102886647546049e-01,1.067855224638455253e-01,-3.535878829118941358e-01
8.604403105909110838e-01,2.850706324658682789e-01,9.547461276496842231e-02,-3.529086980607844537e-01
8.593854368639832764e-01,3.045962394555808972e-01,9.424485520779171677e-02,-3.504899637949278612e-01
8.611756162990749086e-01,3.222359716012843656e-01,9.077337518140789208e-02,-3.451534398739601883e-01
8.563653698795999913e-01,3.366559716556756787e-01,8.230876519179657069e-02,-3.394729572415294272e-01
8.604832019699024670e-01,3.399822272499607445e-01,9.954724911830739598e-02,-3.369683019480775865e-01
8.607733717179960609e-01,3.515266570198506968e-01,7.450926218360612308e-02,-3.331855701136691161e-01
8.593020958009994770e-01,3.721892320915962671e-01,6.878460955177669034e-02,-3.301899167255054057e-01
8.625868521026369695e-01,3.810730720952447137e-01,6.433743840241738787e-02,-3.325819000782739843e-01
8.619645450169852730e-01,4.005318370831861263e-01,7.274089551106224794e-02,-3.164436082078985191e-01
8.596934234674532549e-01,4.090599058987768322e-01,4.279450147692301365e-02,-3.253237771657108146e-01
8.599992247348509089e-01,4.296387819941836494e-01,4.892100119613630033e-02,-2.996003306342232553e-01
8.639670931640325291e-01,4.310146970927868360e-01,5.552384019865376497e-02,-2.996453388730626610e-01
8.604255524499445640e-01,4.420196729311369199e-01,3.524919491883893308e-02,-2.866674576366463056e-01
8.612828572267415828e-01,4.559836731836003354e-01,3.192972057663796132e-02,-2.901710022918698173e-01
8.622209864054592998e-01,4.724779832970078530e-01,2.403173335773452213e-02,-2.866235987888933190e-01
8.674746171021789909e-01,4.809204244019867347e-01,9.725862520137712464e-03,-2.666357990980551818e-01
8.649045158360268992e-01,4.800632463560959295e-01,3.470350189781032987e-03,-2.599962864342598712e-01
8.661915637861669071e-01,4.965087173498514139e-01,8.810034007481129872e-03,-2.477396512323731814e-01
8.633285581262121200e-01,4.969216465000076410e-01,-3.737439290676443805e-03,-2.571448244212647394e-01
8.653753619727365676e-01,4.982361471353335958e-01,-2.504340310089745586e-02,-2.359844996205268941e-01
8.645349831113409156e-01,5.227679483223579560e-01,-2.106829877522295447e-02,-2.167133592379007212e-01
8.640977828538823902e-01,5.281331449024295743e-01,-9.450857139656813899e-03,-2.114828955471152183e-01
8.681072267604407200e-01,5.203367992820476795e-01,-2.787937244412840368e-02,-1.991859479005337885e-01
8.645414916399570826e-01,5.280503371629751141e-01,-5.140100669874829442e-02,-1.874775267158294290e-01
8.683261965784623282e-01,5.412989084437824783e-01,-4.918526127068110348e-02,-1.939177685184775568e-01
8.655934929479950357e-01,5.523192974251901477e-01,-5.922866655405487069e-02,-1.716052375713020828e-01
8.614546943541008250e-01,5.465288987406884402e-01,-7.059609049204955411e-02,-1.692467029486767194e-01
8.664755988815990850e-01,5.444407328334787133e-01,-7.865764078113718361e-02,-1.518098497530497859e-01
8.655538424852076140e-01,5.461614392963607401e-01,-8.179077606881089701e-02,-1.420294816819697437e-01
8.661279829407574349e-01,5.391082342825884721e-01,-9.903752174491801952e-02,-1.384587135240925859e-01
8.659736929774619618e-01,5.488356654169669335e-01,-1.038020378637103253e-01,-1.135321764216190715e-01
8.611095753634285810e-01,5.330917815707858498e-01,-1.092449850197032973e-01,-1.048128893122770855e-01
8.683218159716863394e-01,5.351630789776441466e-01,-1.295293206222471738e-01,-1.061066376267502248e-01
8.645456746163657780e-01,5.345517522990173021e-01,-1.069837572516918744e-01,-9.417862039801364049e-02
8.643176410983992586e-01,5.403225939760296637e-01,-1.310465638149238277e-01,-6.688534030363327276e-02
8.630269554210809879e-01,5.334704166840594786e-01,-1.503611797357011781e-01,-6.404591965189972147e-02
8.579877427972929516e-01,5.207338232505098752e-01,-1.431097920206949037e-01,-5.263837746919858979e-02
8.599475636072476670e-01,5.256520349576024875e-01,-1.554871450875935368e-01,-5.080141321744924277e-02
8.620764296995336862e-01,4.975393977476127438e-01,-1.575002784050131832e-01,-4.097134944452798799e-02
8.625985832961585720e-01,5.080494276180284041e-01,-1.505247830061124670e-01,-1.742770310291837099e-02
8.645142353548801450e-01,4.985102328542641015e-01,-1.564054156827680564e-01,-2.218910764514095413e-02
8.592646031117369132e-01,4.784955912078907581e-01,-1.783906822480549603e-01,-2.145033637760823675e-02
8.652077142810098431e-01,4.775463247239739584e-01,-1.770863830414947104e-01,1.790665370304916600e-03
8.657419574250495575e-01,4.838851600915237694e-01,-1.771003296603274324e-01,1.700014226899199121e-02
8.645140894695572120e-01,4.733116331725409354e-01,-2.029879417020846732e-01,2.606145095193801442e-02
8.654176100823525175e-01,4.600822348648341831e-01,-1.955641486175493382e-01,2.361592759153759505e-02
8.694176190112996583e-01,4.401483660917133722e-01,-2.045705682621541677e-01,3.112595116542877030e-02
8.627402738954291772e-01,4.297398488438488595e-01,-2.037550944484951831e-01,3.890279141776346178e-02
8.606448645298240274e-01,4.198150186022893693e-01,-1.929332495809512882e-01,3.859351676274352244e-02
8.615087584309673030e-01,4.004069429019735393e-01,-2.229318836065393716e-01,4.886530798867909364e-02
8.670419904069226469e-01,4.007816273992286238e-01,-2.049882169692403833e-01,7.307482616153916644e-02
8.647676059392133130e-01,3.798216159866244501e-01,-2.151848183119150770e-01,7.433748100822336335e-02
8.600930288862856932e-01,3.712050313041475591e-01,-2.321620732473791138e-01,7.432030321063801126e-02
8.610591447501712015e-01,3.595209856858348485e-01,-2.199501177278539721e-01,7.161649698313632406e-02
8.558699361129930017e-01,3.427265225605654053e-01,-2.227288435775875430e-01,7.424949115915228937e-02
8.605058528385047811e-01,3.282779834813980280e-01,-2.095763068945308005e-01,8.028684081059864197e-02
8.622491046946404447e-01,3.181452531866760802e-01,-2.111246958025704279e-01,7.996970364707212120e-02
8.583651430026759677e-01,2.991826675435632632e-01,-2.261004586602214372e-01,8.421219536533912364e-02
8.615519871917943773e-01,2.880801895041531502e-01,-2.249001224969411350e-01,8.543264629644715946e-02
8.566199334494483120e-01,2.816270914383786628e-01,-2.172425092642211730e-01,9.713233814114510811e-02
8.630081611192111923e-01,2.652856585622696550e-01,-1.996559446707496799e-01,7.634275365771693578e-02
8.600319442894446276e-01,2.442274609221671555e-01,-2.089939548195695884e-01,9.551987949386343824e-02
8.547012005084811959e-01,2.235935691575400841e-01,-2.139748994284068617e-01,7.913866912926319219e-02
8.582637223645669389e-01,2.367950848193444424e-01,-1.996113230525282389e-01,1.110946157698000647e-01
8.562258498474691892e-01,2.137699775667219471e-01,-2.046333061849225088e-01,8.562636206823256990e-02
8.587929545949444243e-01,1.849637914470903810e-01,-2.156508609134416277e-01,8.622025614820286177e-02
8.594058028159774487e-01,1.796501184053371225e-01,-1.956342048985217630e-01,8.198670713880656935e-02
8.559003372261844156e-01,1.546215359758683905e-01,-2.061464642142851189e-01,8.755035740212428752e-02
8.562941605096808795e-01,1.580385436745648520e-01,-1.837019855978411775e-01,7.611233617463239454e-02
8.562991799836413565e-01,1.460007439659197770e-01,-1.846207564620394037e-01,6.837003934448998566e-02
8.545457931645610294e-01,1.269663906127484476e-01,-1.950562099921038794e-01,6.472934300734102531e-02
8.575792310981384947e-01,1.198152964824077404e-01,-1.691342144400751202e-01,5.918784092215358117e-02
8.515406965322684929e-01,1.093436619168808716e-01,-1.625777281143360731e-01,6.917918142671071469e-02
8.534689452987447300e-01,8.857703776553270403e-02,-1.543564611649448359e-01,4.548202906974722209e-02
8.589081941168799084e-01,8.486575051571058903e-02,-1.538038440660603190e-01,3.610456301102921844e-02
8.553205947961748379e-01,7.566299573039905746e-02,-1.578590464676005167e-01,3.179236554370577783e-02
8.488263823670341157e-01,5.168915825661699742e-02,-1.496791141233830003e-01,2.010847254611822926e-02
8.547143443287602560e-01,4.806702195602293587e-02,-1.336849110254454132e-01,2.324847089820572532e-02
8.512400804794263420e-01,4.459281663023836884e-02,-1.393232749729930997e-01,1.969589599619959996e-02
8.525755490819719729e-01,3.343054053422787886e-02,-1.295297804087008620e-01,8.178134127896854663e-03
8.525987279456171963e-01,2.153857901267952971e-02,-1.265341138089095541e-01,-7.323800053943493871e-03
8.465094296766363380e-01,1.119425401404279367e-02,-1.164162431122563596e-01,-1.754144155384381593e-02
8.442897978157076766e-01,2.649730338984169174e-03,-1.141217546514057823e-01,-3.315990905418182699e-02
8.494742521430965754e-01,7.279609187016148264e-04,-8.904048110762662060e-02,-4.019315451339038753e-02
8.561501045996462445e-01,-8.013696504833090536e-04,-8.280528625377524266e-02,-2.754405274094466269e-02
8.530569231423461574e-01,-1.033113057965286651e-02,-7.798878359865923926e-02,-5.431818527021821386e-02
8.478038427192330362e-01,-1.970140444803036503e-02,-9.012138233166352985e-02,-7.423374686568903758e-02
8.530268083931319412e-01,-1.416642534506732526e-02,-7.231371415915574530e-02,-7.007616661063613417e-02
8.484385807423328041e-01,-1.260913425448772357e-02,-6.806761370826816537e-02,-7.810339236697654008e-02
8.488274206524327736e-01,-2.746549535656723703e-02,-5.000670538139762727e-02,-9.724642410675719828e-02
8.552062874624987154e-01,-2.483549282204047803e-02,-3.779452103620985215e-02,-1.062561934827875310e-01
8.494368378931120844e-01,-3.927651812783317792e-02,-4.909713055531791243e-02,-1.081369681858149467e-01
8.511256477649242758e-01,-2.401569178402237006e-02,-2.401128722691231801e-02,-1.184617077747425334e-01
8.493036631123257463e-01,-2.056465947822603071e-02,-1.484218093061365554e-02,-1.385692190313006500e-01
8.488206952296256658e-01,-2.256613322865295285e-02,-1.923934395153907573e-02,-1.378309100795272468e-01
8.487464768187336084e-01,-3.301287030753908419e-02,-1.623275280513532086e-03,-1.649050372953989596e-01
8.460159250185133040e-01,-1.301359977302170637e-02,7.813777628631005806e-03,-1.617162731713408796e-01
8.486784133197909918e-01,-3.136692771066703495e-02,6.677400041386774218e-03,-1.651156778697376593e-01
8.508603062071909973e-01,-2.974334229280077221e-02,1.608907615549843781e-02,-1.945138358146096813e-01
8.474695497521333998e-01,-9.147369535037102109e-03,2.550812659371108279e-02,-1.860029309002449727e-01
8.479660054824875726e-01,-4.421971900532625267e-03,2.883809037009040649e-02,-2.134712687977230183e-01
8.509383953987585958e-01,-4.448269077839860780e-03,5.161336207840792195e-02,-2.107008143840753689e-01
8.525487099099809951e-01,1.602393544520460886e-02,5.977209301562458332e-02,-2.292328427635431098e-01
8.513415844112234288e-01,6.912212522949603803e-03,6.190169529222146888e-02,-2.386553348451478929e-01
8.552427870151798617e-01,9.979508074690677036e-03,6.134986005562943073e-02,-2.532727029831686738e-01
8.513168447779646542e-01,2.603243397082476845e-02,7.041042391846256965e-02,-2.616157262835409059e-01
8.477201413490101922e-01,3.941868576754876258e-02,7.486143171667800078e-02,-2.630003101321412018e-01
8.545598525083843988e-01,4.071002706293870566e-02,6.906107339443787185e-02,-2.767117421216926942e-01
8.547787298277824686e-01,5.419254929877211774e-02,7.439471707587569371e-02,-2.845473411849676060e-01
8.496534856579794903e-01,6.356552242728408242e-02,8.218560979975958469e-02,-2.898449866485505177e-01
8.520645330503850978e-01,7.486452434065821171e-02,8.243540044015373880e-02,-3.001558431204420785e-01
8.552488503640202078e-01,9.107791597934083994e-02,1.042640501816234772e-01,-2.933078489811474787e-01
8.522217476862102847e-01,8.656418639811860882e-02,1.030934428022993316e-01,-3.143463605805986716e-01
8.508369922574565702e-01,1.137346540717383003e-01,9.639455113211047033e-02,-2.950023585991446984e-01
8.480379654171421588e-01,1.193714286641014283e-01,1.079291267154922074e-01,-3.151905220650050299e-01
8.564455109508956054e-01,1.394391103926163888e-01,1.036199598611777378e-01,-3.395303536613950568e-01
8.580514878158713721e-01,1.574317927950308893e-01,1.059314885499110653e-01,-3.469970080247369304e-01
8.599366182499028621e-01,1.644648793229099293e-01,1.166344078629504427e-01,-3.455195826671289550e-01
8.573060518234965066e-01,1.734636730753333356e-01,1.182275681334866851e-01,-3.347928479895070364e-01
8.565093826522506282e-01,1.923805483464228749e-01,1.202942469608613701e-01,-3.271040644757161053e-01
8.592152885373689486e-01,2.117920011025522242e-01,1.191539247326944134e-01,-3.411336882395923920e-01
8.523494941849797391e-01,2.182253876528295888e-01,1.101436856946798604e-01,-3.541308471094170574e-01
8.581987967685912322e-01,2.427481369555695434e-01,1.052711115089772220e-01,-3.477919750137464794e-01
8.591511758649443831e-01,2.452734396443101150e-01,9.552263694669500815e-02,-3.431875519266444630e-01
8.604440348724899934e-01,2.617196133552688875e-01,9.710645726624610174e-02,-3.427906908494777749e-01
8.607060547924338945e-01,2.765088976619397565e-01,1.134583589036553541e-01,-3.437783269730296243e-01
8.598489340804923442e-01,3.026486027908018572e-01,9.894580528004240372e-02,-3.549759940630566879e-01
8.641035429214207753e-01,3.091375895617922698e-01,9.698577164714294874e-02,-3.382465514685150110e-01
8.583658153799673673e-01,3.234550646786263361e-01,9.284352801950214451e-02,-3.424507594038148639e-01
8.620402838405244461e-01,3.314045594129458316e-01,9.304433386526293759e-02,-3.378115483478488223e-01
8.571003625577706675e-01,3.501167775875485555e-01,7.444686410594687775e-02,-3.399126167051873537e-01
8.605149153593603106e-01,3.639227972075865236e-01,6.686555778397500205e-02,-3.388950816431837709e-01
8.573669511656717424e-01,3.754193931873413548e-01,7.746802202434971418e-02,-3.269585548978973244e-01
8.607524637167681680e-01,3.782408359755944360e-01,6.363163288926780570e-02,-3.369878563193850485e-01
8.668032859253893552e-01,4.014393565546102161e-01,5.224519142069033312e-02,-3.325947844387895369e-01
8.662155988828610376e-01,4.120095424279793250e-01,4.737369585287461160e-02,-3.154729481725908613e-01
8.620721202894638946e-01,4.309332302514474189e-01,3.643897146676372545e-02,-3.045983857848258980e-01
8.650686244251273305e-01,4.288451222609328539e-01,4.571677203947104029e-02,-3.035871897460082347e-01
8.631755404280251343e-01,4.480947663635237443e-01,4.548229196953734038e-02,-2.911238996269417956e-01
8.655638370348366362e-01,4.557681157735599675e-01,4.607990607143625655e-02,-2.793083926438869602e-01
8.671221917017800651e-01,4.757057973918923932e-01,2.280813361742680540e-02,-2.741350016137855672e-01
8.638367423302786285e-01,4.793665821919972370e-01,2.379915605240914486e-02,-2.655080171714359616e-01
8.676351012268492813e-01,4.953086746231524784e-01,1.810545108151605589e-02,-2.556614165517678838e-01
8.653484875004288090e-01,5.009035611890766404e-01,1.926779661409977343e-03,-2.504610218030466906e-01
8.646285131159645587e-01,5.147380305804497569e-01,-5.474149384393487729e-03,-2.351990881363030250e-01
8.619774805137059293e-01,5.190854885310250966e-01,1.454658424706637917e-04,-2.305265969276489857e-01
8.635341557530826773e-01,5.149482455678728865e-01,-2.535828676306644408e-02,-2.211235779611031571e-01
8.675911817212631494e-01,5.224940689910427816e-01,-2.859098062729610243e-02,-2.039547432141516625e-01
8.646395112122627902e-01,5.262263196486586248e-01,-4.326368217675339439e-02,-2.148952827327774706e-01
8.668862293809074249e-01,5.372837324469574849e-01,-3.695048097747032773e-02,-2.029343902594542004e-01
8.659663346465693579e-01,5.409822845235358058e-01,-5.687960197594324474e-02,-1.753457997332313889e-01
8.648717377305276122e-01,5.368480293337063447e-01,-7.869723823304790311e-02,-1.777956377384401210e-01
8.669555440311139671e-01,5.385763731379055175e-01,-7.534762216054137485e-02,-1.662362176941049596e-01
8.644320860875971402e-01,5.470724365914030329e-01,-6.958232176971627936e-02,-1.422044214378670179e-01
8.653025011752847329e-01,5.440918749007691568e-01,-1.062486174808744410e-01,-1.411693566648768994e-01
8.679988350511549378e-01,5.334011259080214673e-01,-1.039769082122182081e-01,-1.256970784602389479e-01
8.671534223416061948e-01,5.477505609538400044e-01,-9.500017418427171567e-02,-1.189137830439297439e-01
8.695552481616377616e-01,5.427703041396907402e-01,-1.168100429317178307e-01,-1.007168883143224059e-01
8.640989111382829657e-01,5.367879792631956581e-01,-1.323920528332663271e-01,-9.755890973112182896e-02
8.693879756452996821e-01,5.327956184491027258e-01,-1.349229373638447249e-01,-9.099625523850676800e-02
8.692759249745095618e-01,5.335177704973108614e-01,-1.425683801909796156e-01,-8.101671858595783926e-02
8.677040960053654661e-01,5.376654509250983205e-01,-1.315481783909673574e-01,-5.492285753093305994e-02
8.650532688783338919e-01,5.309861831754716377e-01,-1.414076299968501094e-01,-5.088457377898961825e-02
8.715810555401944937e-01,5.137888432840193031e-01,-1.600380571508439320e-01,-4.448125072208290037e-02
8.610521874028643774e-01,5.149099081733595762e-01,-1.573631107462882261e-01,-2.842521643086572125e-02
8.667321951189401741e-01,4.941557633241754899e-01,-1.613070962194260993e-01,-3.044245875505245669e-02
8.634925188325853762e-01,4.927867518792334312e-01,-1.799592307553893322e-01,-1.379514431378825283e-02
8.666256632832132212e-01,4.966171521360755459e-01,-1.716402067139453647e-01,-3.481247145623956717e-03
8.671675481102708583e-01,4.774283181432808498e-01,-1.741881814177010657e-01,-3.065705913213039209e-03
8.630167944719738804e-01,4.644005691519345613e-01,-1.952962204020516068e-01,1.135999668173732872e-02
8.657811998457347613e-01,4.668857239529767833e-01,-1.861824962359551749e-01,1.379700580423911041e-02
8.636697001907206461e-01,4.388984152930199834e-01,-2.050693304848578147e-01,2.938683558171592894e-02
8.640460974788465309e-01,4.264596372784537626e-01,-2.098743842439085572e-01,4.334821107833711218e-02
8.611042450821303484e-01,4.312998799199821987e-01,-2.113649901185619684e-01,4.845421711131777526e-02
8.579008869954041216e-01,3.985840822288008733e-01,-2.326568808573870051e-01,4.035732753155200220e-02
8.628147952422745570e-01,3.993456013798886706e-01,-2.225660840171650723e-01,5.272551702350239400e-02
8.589363283847694097e-01,3.924483857104033580e-01,-2.176236050522882270e-01,5.730273102649189459e-02
8.593600806363007605e-01,3.798693394079528662e-01,-2.230805907303219648e-01,6.493382467134305169e-02
8.624816847793962404e-01,3.582934604998883610e-01,-2.115205739877046298e-01,5.977271514858300411e-02
8.614808975448849937e-01,3.563303960664019332e-01,-2.227660154225940825e-01,7.657372628187500418e-02
8.598588720136701724e-01,3.325951892094631268e-01,-2.256158130707357490e-01,6.872512909371601697e-02
8.588855029544177899e-01,3.207288998143157377e-01,-2.267843809898750784e-01,6.927287210725902034e-02
8.559905705200742121e-01,3.058393716265226936e-01,-2.179558940628293362e-01,7.919345137303396287e-02
8.605270438841369218e-01,3.002008976874965263e-01,-2.158282295301595377e-01,9.206452766883004013e-02
8.624216101857687944e-01,2.707462086387966704e-01,-2.285788326064980835e-01,7.167427947070738325e-02
8.571942061319316464e-01,2.534133289364911001e-01,-2.301391774484838060e-01,8.577647485786669967e-02
8.597451972854086577e-01,2.572538901910261244e-01,-2.155684767830638171e-01,8.308689899745465290e-02
8.572141529412357075e-01,2.398067903121512690e-01,-2.082784199883671028e-01,8.334300337241212775e-02
8.560167088551252634e-01,2.282037155298532460e-01,-2.081341405245826226e-01,8.453828088128480245e-02
8.612464329930727969e-01,2.118978529122445553e-01,-1.929076184522671156e-01,8.477719507101179330e-02
8.571141187148192397e-01,2.025295509947512007e-01,-2.172256100628575659e-01,8.956510361431879730e-02
8.579253977505204576e-01,1.824057547947792735e-01,-1.966778584807761521e-01,6.584744888122852358e-02
8.547020649391552372e-01,1.795979535169719421e-01,-1.868074567347308701e-01,7.356710020577116038e-02
8.528818136792166715e-01,1.637119484112146139e-01,-1.811476974213532820e-01,8.051268538390131402e-02
8.570165307930204257e-01,1.569947681398548844e-01,-1.813036482729947219e-01,6.995546405379765575e-02
8.537066225044037671e-01,1.302917843726367764e-01,-1.912967369434443454e-01,6.425072293471491280e-02
8.558481220776803511e-01,1.249192930013264258e-01,-1.851106610910610017e-01,6.447424679932632630e-02
8.577617443491212246e-01,1.072005398271437676e-01,-1.662898020349833361e-01,6.520106303649381152e-02
8.592226797433331065e-01,8.814220803983695285e-02,-1.792900464864904952e-01,4.337734759327223355e-02
8.536700926099601849e-01,7.446232899211911727e-02,-1.653915573987847498e-01,3.645642516879284145e-02
8.542900011580525366e-01,7.401494730606704431e-02,-1.613325530696482490e-01,2.112852357101735815e-02
8.568621253764601153e-01,6.757261916662149481e-02,-1.364348976690873128e-01,2.668104135911366151e-02
8.510738565629507590e-01,4.807879160452110251e-02,-1.550396099853572351e-01,1.970109238155319867e-02
8.512391014830898994e-01,4.793358568813124027e-02,-1.421593284879400787e-01,2.510179765804026672e-02
8.532362910113693300e-01,5.656607542396602933e-02,-1.352109567868598206e-01,1.354847629153897726e-02
8.536105225989447653e-01,2.419625783516395762e-02,-1.314819619849758037e-01,-6.958859224225053854e-03
8.478825605789248598e-01,1.106283396822505330e-02,-1.227029780816573379e-01,-1.505364874508744594e-02
8.484078518424452708e-01,1.943730760840430222e-03,-1.105926807267550022e-01,-2.633527707504622686e-02
8.509957862568896525e-01,5.508539507607422905e-03,-1.049934182143438255e-01,-3.389005723296513450e-02
8.502390213434931621e-01,5.967407850589377671e-03,-9.648558169381871163e-02,-3.832832230776979376e-02
8.491525567001254604e-01,-2.215249690083350136e-04,-6.871845593915160144e-02,-5.523866886587073394e-02
8.545223884747799037e-01,-6.625322065674086290e-03,-6.988688781234267400e-02,-5.937768237760174955e-02
8.475008386187899978e-01,-5.726355151448846333e-03,-6.801428157493343007e-02,-6.928720733374554852e-02
8.460118965334061381e-01,-1.902068630731361051e-02,-6.638199963327545694e-02,-8.295613141055180328e-02
8.461177886604580589e-01,-3.031981915817508547e-02,-5.012853092690769397e-02,-7.878023631510806812e-02
8.505195852496226783e-01,-1.217126232497189008e-02,-3.616039898010106612e-02,-8.778519407613114001e-02
8.514020346081611068e-01,-2.794353174579166862e-02,-3.027347957184190613e-02,-1.130433023675114917e-01
8.513964970315917036e-01,-2.583910321585954073e-02,-2.123012042063814053e-02,-1.178637753261094212e-01
8.544529377632239520e-01,-1.902207424963848342e-02,-1.479510740875015877e-02,-1.222083480415812745e-01
8.509849081257069292e-01,-2.511742986149262738e-02,-2.099558918975548763e-02,-1.418826058375755594e-01
8.489892400879602841e-01,-2.179090336085134222e-02,-8.244345558179157554e-03,-1.522274298641046464e-01
8.529160284125411051e-01,-1.264015063637025267e-02,2.493567178531447270e-02,-1.557001823004052765e-01
8.506808474729375957e-01,-1.265312427720890857e-02,1.292316562203107153e-03,-1.640150653953015847e-01
8.503109179792815997e-01,-1.072637374968004806e-02,1.023601431382209492e-02,-1.799415365079208573e-01
8.520467639602343768e-01,-2.871706105329836344e-03,1.773550606951800404e-02,-1.935024504291511516e-01
8.528487840482047444e-01,-7.131114115582925204e-03,2.671542524116356232e-02,-2.061619275383728966e-01
8.532108758126649706e-01,-1.173291489121400591e-02,3.858120684191153338e-02,-2.184842350684978729e-01
8.519282130581912194e-01,1.806320496521697386e-03,2.891990296523044152e-02,-2.252542662692321729e-01
8.530141163445531527e-01,1.116762962348928460e-02,5.719167022040497206e-02,-2.329706184147113945e-01
8.505621403327193741e-01,1.957210723532308572e-02,6.465080480100528215e-02,-2.437814067466622936e-01
8.499629550880858364e-01,1.833196685693906300e-02,5.932282643824633717e-02,-2.411775820330463727e-01
8.512052277426246372e-01,3.900771819103380361e-02,7.624989049452152168e-02,-2.522105675536644442e-01
8.549202295697556631e-01,5.303744699521453776e-02,8.074757977847184243e-02,-2.724558774800118766e-01
8.553838547406816817e-01,5.067782252585425334e-02,7.470976761879534467e-02,-2.723529857904644080e-01
8.522678348366006240e-01,6.357379273399539621e-02,6.976314731957194981e-02,-2.827383574948703626e-01
8.582747405471660151e-01,7.554392074292630432e-02,8.772211471169481800e-02,-2.831513771800672763e-01
8.547856438557173142e-01,8.239241306010995636e-02,7.337807897613637942e-02,-2.946835073782065328e-01
8.575754710158501881e-01,8.770835464114246083e-02,8.088543136803989786e-02,-3.090244141293347901e-01
8.540162297777773581e-01,1.049214947510256207e-01,9.697370373236929852e-02,-3.025000837347868732e-01
8.523229894341828317e-01,1.121759528074149914e-01,1.075361066062995169e-01,-3.078078851597092491e-01
8.517283447316729150e-01,1.305660547204464950e-01,8.951597460627311320e-02,-3.277055083395965518e-01
8.524501472023452431e-01,1.364261455490520247e-01,8.789741268992731782e-02,-3.191744082805231808e-01
8.530213877612511375e-01,1.604977999106024789e-01,1.102587167381570005e-01,-3.270411574388010223e-01
8.529595925626202169e-01,1.747377751264229118e-01,1.114070680291886911e-01,-3.319833658930822495e-01
8.544551573957795965e-01,1.722922598473150269e-01,8.791852016697529471e-02,-3.486176695247142909e-01
8.566589174146747032e-01,1.947047565715319672e-01,1.143658258103751740e-01,-3.528478497819391713e-01
8.513543030541379508e-01,2.007447598398958144e-01,1.109524210184300586e-01,-3.508626525557010933e-01
8.587098617809652001e-01,2.183931653817984264e-01,8.528994949200807696e-02,-3.490071606504607238e-01
8.581252946688427974e-01,2.425058090527859034e-01,1.186127653968253037e-01,-3.443322100000036912e-01
8.553264436630202416e-01,2.522058724500563232e-01,9.044293795275289150e-02,-3.456255270574138394e-01
8.593227810288226465e-01,2.565197021572374614e-01,8.216115195545077576e-02,-3.633493972106614511e-01
8.591607248190777923e-01,2.747172049644091008e-01,8.746654209993814932e-02,-3.381227219655046357e-01
8.540532205113826603e-01,3.014930915275238488e-01,9.614841410496566265e-02,-3.438439971249159233e-01
8.612928355313359541e-01,3.097529038105761301e-01,7.751532278362484318e-02,-3.559172135809799964e-01
8.564619219337236133e-01,3.237782584231873040e-01,8.232213768999899206e-02,-3.445284932454834581e-01
8.644692923752227420e-01,3.423522991243315716e-01,9.671523731293921178e-02,-3.291557519970694234e-01
8.624383523954821662e-01,3.601405995341071531e-01,8.979166064891336285e-02,-3.311349178812754146e-01
8.648909733333262073e-01,3.587690740661622635e-01,8.689094372317565651e-02,-3.378470180297781233e-01
8.579651968975846588e-01,3.770766971293744163e-01,7.950728614206119260e-02,-3.282950412358374703e-01
8.616719759496226372e-01,4.095516407579544715e-01,8.162907707807449953e-02,-3.059109809180621808e-01
8.607152863298139778e-01,4.089883933867853316e-01,6.093567812247970006e-02,-3.130211752609008413e-01
8.667920971375296935e-01,4.099408457878683243e-01,5.437406733547816423e-02,-3.069964805603808133e-01
8.633804897755520402e-01,4.283179042914850299e-01,6.010424006365688854e-02,-3.017710752898059567e-01
8.575504461720074856e-01,4.435547350478641904e-01,4.057324778180821517e-02,-2.994229316597014079e-01
8.679994216737645374e-01,4.484620357423770298e-01,3.448445583450886198e-02,-2.835029066984529611e-01
8.646180568167701752e-01,4.690250082281015587e-01,3.631243301139941426e-02,-2.774280253241835359e-01
8.671149064561146647e-01,4.736949133005861068e-01,1.079579116087995248e-02,-2.870819097895100924e-01
8.647760000914114231e-01,4.747289546204176980e-01,2.419932514261487894e-02,-2.753359362388325127e-01
8.682161194037630869e-01,4.945009896121793647e-01,6.278392862005589131e-03,-2.524249138266144721e-01
8.655031938343435982e-01,4.995719963037693612e-01,1.767252552350804173e-03,-2.462502128841372873e-01
8.642900161227463629e-01,5.066370163903947121e-01,-2.334507396207557636e-04,-2.354219145092009691e-01
8.659634047495708975e-01,5.185929573346220733e-01,-9.324095642577528639e-03,-2.214004283176874144e-01
8.697008976410359748e-01,5.287419503968403545e-01,-1.221635766961858167e-02,-2.120060728355522006e-01
8.668991394234634162e-01,5.098824473735733553e-01,-4.249312799792070994e-02,-2.150936751086718612e-01
8.670862997499840796e-01,5.303295796497192738e-01,-3.006983847204705226e-02,-2.033525182448748247e-01
8.669163828502890468e-01,5.424612254823727442e-01,-5.063677716780687343e-02,-1.696099415814911471e-01
8.640238255456748062e-01,5.376098257170918160e-01,-6.141134478442832750e-02,-1.800383125680135032e-01
8.657911327657861200e-01,5.261344604688915627e-01,-6.196800794639853449e-02,-1.593472548964750546e-01
8.675761804039615610e-01,5.378302191227776197e-01,-5.590201523632094133e-02,-1.647690036506782030e-01
8.626500474422174047e-01,5.405712555978795519e-01,-7.690719006139218328e-02,-1.356758352549495839e-01
8.623484394313414292e-01,5.316779324410031426e-01,-1.006064788707307783e-01,-1.441837174468654781e-01
8.645789195854147735e-01,5.425864793968973032e-01,-1.008027463826921960e-01,-1.266176213227214742e-01
8.636846211829551923e-01,5.375417002047582216e-01,-1.200732847415019872e-01,-1.173006018139549356e-01
8.688672648595242576e-01,5.311112220347561363e-01,-1.125591214450676752e-01,-1.071580583815802123e-01
8.619865982880831057e-01,5.436376510811748997e-01,-1.193079663702561188e-01,-8.612624824553735681e-02
8.669473783116433685e-01,5.286373128770914809e-01,-1.105628775582361278e-01,-7.789098161912812179e-02
8.652607480378523563e-01,5.239866632180486539e-01,-1.301552212480302506e-01,-6.558407284605047294e-02
8.656604841799604433e-01,5.177200390982940048e-01,-1.558465748623676650e-01,-6.480626800268035614e-02
8.648804389129518544e-01,5.200449376919701328e-01,-1.573455413130570302e-01,-4.500942391633324519e-02
8.632909469996011831e-01,5.227282896762677211e-01,-1.578913317605732114e-01,-3.413699202480980494e-02
8.636172113579836385e-01,5.102398992041730086e-01,-1.713447978784897463e-01,-4.383496956287159796e-02
8.686653984807410911e-01,4.943579768632508920e-01,-1.732742551665345243e-01,-2.244760114517183741e-02
8.626951544219507717e-01,4.942434152995007768e-01,-1.800682667522046920e-01,-5.936520444011303237e-03
8.599816689817907367e-01,4.855634957200197777e-01,-1.822099945860441161e-01,2.357094806274425379e-04
8.639122985746723327e-01,4.709843219043942097e-01,-1.865611169267037406e-01,4.202023761782362928e-03
8.666066413332380591e-01,4.796888225853225274e-01,-1.649258588654030355e-01,2.604688674923957489e-02
8.634744944090034791e-01,4.520738964127276605e-01,-1.909780435560101408e-01,2.318286710605747813e-02
8.614960187989527673e-01,4.374425184598896843e-01,-1.918217809550966380e-01,3.358951954564864256e-02
8.620982388665603402e-01,4.445201019108591667e-01,-1.872558138940987327e-01,4.340409267578015928e-02
8.620861487980275850e-01,4.242963706354418441e-01,-2.006654518625254069e-01,4.423937439156213486e-02
8.648229666776263702e-01,4.196283547061180896e-01,-2.013667022026582043e-01,6.031486208843443025e-02
8.584764071801694874e-01,3.928855636015745056e-01,-2.145381188342674605e-01,5.793774897266794344e-02
8.618594684642157944e-01,3.850286596653326177e-01,-2.205821257982814032e-01,6.322584246438056610e-02
8.570857238307613146e-01,3.813890873991042652e-01,-2.158303573839287226e-01,5.776581511178405237e-02
8.625581576928464944e-01,3.590678413008971392e-01,-2.248805252001697952e-01,6.623141985675731758e-02
8.625239271259492746e-01,3.452149582751367629e-01,-2.197021320069011685e-01,6.634610138669022605e-02
8.605124383396991483e-01,3.284920004924665737e-01,-2.237269492373610835e-01,7.704217943918779954e-02
8.574641221889581777e-01,3.131299255318793495e-01,-2.312067094761896258e-01,8.605015709848741479e-02
8.585701948502058034e-01,3.091010169295109744e-01,-2.068207088947266459e-01,8.754123576747073476e-02
8.593742671914477160e-01,2.982795199370003592e-01,-2.100763732371738468e-01,7.909185384987185707e-02
8.538192145584487802e-01,2.715135712069120522e-01,-2.251272257370075802e-01,8.478745480768448695e-02
8.579158544103552275e-01,2.629908731898229490e-01,-2.193151418736320468e-01,8.949001815780911750e-02
8.599274080506380535e-01,2.395044962928083720e-01,-2.293626621048955871e-01,7.876256387297042583e-02
8.607582624636608282e-01,2.368537283005732186e-01,-2.135505819748432232e-01,8.921192874168656917e-02
8.580695330418522948e-01,2.218077333810768714e-01,-2.035912313892430658e-01,9.410817697093826206e-02
8.545994188023877669e-01,2.166768476667114973e-01,-2.078605973941359542e-01,8.947357208317915922e-02
8.566773420677350481e-01,1.945944204055248539e-01,-2.056999567432530596e-01,8.965793398023176597e-02
8.544414718530899400e-01,1.911488172001156172e-01,-1.805908992621375886e-01,8.725022574470329972e-02
8.561458542759801116e-01,1.628133725232529250e-01,-1.956177515011024715e-01,7.658901472529026921e-02
8.567225482806043457e-01,1.544460796792955226e-01,-1.929453487846214399e-01,7.165658792740789429e-02
8.583563976826099617e-01,1.453367349806585218e-01,-1.754677692068410677e-01,6.209832766548958882e-02
8.564663909427987498e-01,1.376615746040833477e-01,-1.821665480114014468e-01,7.136119793878756279e-02
8.505929300847965280e-01,1.153319200987129173e-01,-1.905982321795160750e-01,5.861742762431714632e-02
8.558047340488984522e-01,1.046173543739271627e-01,-1.829852348734946066e-01,4.934426400997925233e-02
8.558027894096352783e-01,9.655596627634810414e-02,-1.611247426321106013e-01,4.558945139611019631e-02
8.510514698942235334e-01,9.016346822888821055e-02,-1.680100085495778994e-01,5.591688432756594662e-02
8.533280534613282287e-01,7.733619203496884531e-02,-1.491686199785177691e-01,3.691259898613638568e-02
8.521424895242348807e-01,5.946234977962239210e-02,-1.645339454599166751e-01,2.445332527864279432e-02
8.559536708524273507e-01,6.252194167399921509e-02,-1.380229752321574799e-01,2.769883821525631271e-02
8.518484471068933361e-01,3.071050699618118815e-02,-1.504850041815123385e-01,8.560782060623006035e-03
8.521086298554392258e-01,4.371825488870439286e-02,-1.087873014270422378e-01,5.600917313994681346e-03
8.536906056104277551e-01,2.096888864123306120e-02,-1.297949207706950436e-01,-2.203413785098402508e-03
8.561453214339487250e-01,9.134306574100388779e-03,-1.174093845065834751e-01,-2.155003993141030999e-02
8.539994473216097060e-01,7.885231441493658830e-03,-9.963408485050292973e-02,-2.726441017080096299e-02
8.488089796679862964e-01,1.626300216039235427e-02,-9.008313733825504266e-02,-3.075113951647858931e-02
8.499671205038858979e-01,-2.294790122509208618e-03,-9.512874904499481199e-02,-4.510711159676333848e-02
8.513059060123486788e-01,-3.525262503491811538e-03,-7.886192576746904603e-02,-4.926318399012788452e-02
8.524546360175986326e-01,-1.809659855355294847e-02,-8.115822726552872346e-02,-6.231171665113417052e-02
8.496741326172885245e-01,-1.891442729118494523e-02,-7.657533822656359401e-02,-7.637165845917491536e-02
8.502703835421392409e-01,-1.201814391487577086e-02,-5.269989352202383154e-02,-7.532194625772907493e-02
8.499724679408495742e-01,-2.385364005081214850e-02,-5.300481665878253174e-02,-8.877111816507574082e-02
8.434349876088391706e-01,-2.844958730506286920e-02,-3.993237062352853611e-02,-9.143611734133634539e-02
8.492738338774712403e-01,-2.321555131522258508e-02,-2.681980946337672242e-02,-1.055185686117107446e-01
8.490709143652217517e-01,-3.410617632605489336e-02,-2.996208445261042477e-02,-1.218002186445754642e-01
8.485121408192319858e-01,-2.969134355474486661e-02,-1.765507856149623259e-02,-1.415741602393778276e-01
8.507984017847535219e-01,-3.111547682966104428e-02,-2.334996654837209404e-02,-1.463140890784506154e-01
8.515496765766449316e-01,-2.604187467326007574e-02,4.575833915410452453e-05,-1.489580354322923850e-01
8.471647541171487550e-01,-1.767475317162480949e-02,-4.599481049566641472e-03,-1.671220698193065513e-01
8.529288102221733725e-01,-2.195725326852963899e-02,1.066124806674779627e-04,-1.718996162423308549e-01
8.538353427821211428e-01,-2.672021103692131389e-02,4.841349997659698777e-03,-1.851137433642541241e-01
8.514149080380585266e-01,-5.031865364471701033e-03,2.125688435430084927e-02,-1.903716535278880684e-01
8.528342908064878714e-01,-7.328096292830432734e-03,3.537694694556189901e-02,-2.105059615258864925e-01
8.530508271473044024e-01,1.106970343644849211e-03,4.491832438238212849e-02,-2.050772719565496505e-01
8.464908576123264528e-01,-7.207705221268474044e-03,4.367762548914199544e-02,-2.212450482540428698e-01
8.550529845071916935e-01,1.746624415744688422e-02,6.038049296765608809e-02,-2.242174633490545410e-01
8.566581846239522680e-01,2.896886906414824006e-02,6.238510189004160822e-02,-2.417463934879210685e-01
8.531860971937604843e-01,2.861028591004803612e-02,5.606435907173905331e-02,-2.589746632395454329e-01
8.546837340035644548e-01,4.051227287511081215e-02,6.542892447739825923e-02,-2.533903573848469426e-01
8.543672634438669311e-01,3.567369697318870103e-02,6.974185373626816398e-02,-2.645938696689832947e-01
8.512792457703611815e-01,4.943872557049533434e-02,8.272385067489995691e-02,-2.754412525082290397e-01
8.577678923790522658e-01,6.600211323824792253e-02,8.818912317093398345e-02,-2.802109955966852750e-01
8.555573723561670230e-01,7.182181433996538689e-02,7.824950121665642799e-02,-2.955709257769131848e-01
8.518222055897837208e-01,8.286919677745380186e-02,1.082561747232815563e-01,-2.996000386655676695e-01
8.561388171363332189e-01,9.847872536842923463e-02,9.998510374715452453e-02,-3.082192672906766129e-01
8.548674074465193451e-01,9.383146823960031302e-02,9.101512858360595593e-02,-3.141734760829533735e-01
8.527421889313830938e-01,1.208759826672954063e-01,9.137978143304013867e-02,-3.236658669390758969e-01
8.558531059450714684e-01,1.263762823496825949e-01,1.187064576948020506e-01,-3.146358058283468817e-01
8.535930186973119671e-01,1.418794385011819537e-01,1.049650668710236379e-01,-3.284479402492206379e-01
8.569450061043278888e-01,1.605409688711660343e-01,1.290693565309191104e-01,-3.342096474391544336e-01
8.574342534682998229e-01,1.835517044242360174e-01,1.213130741375254007e-01,-3.186447081654975033e-01
8.552378763674211015e-01,1.856148221066757087e-01,1.070946940328302288e-01,-3.372241908531984911e-01
8.532624933734561656e-01,1.996566120878520145e-01,1.247368606833388766e-01,-3.365409556718101936e-01
8.540475615450482394e-01,2.108723898428120358e-01,9.518339279713178280e-02,-3.469124212081378666e-01
8.521014827903441446e-01,2.231239946366533333e-01,1.080224046747797900e-01,-3.485811197677426976e-01
8.582096559672858227e-01,2.513079974194722399e-01,1.292947693283751365e-01,-3.338138837570146511e-01
8.604047702998045555e-01,2.671213151616883552e-01,1.103277333814548511e-01,-3.475947753153296738e-01
8.570248729489062800e-01,2.713501164396094345e-01,9.574749455130393549e-02,-3.444743146008257817e-01
8.610615775630150459e-01,2.842166357166480695e-01,8.728363955798931761e-02,-3.475317977880987841e-01
8.623983170985879410e-01,3.007999546737391561e-01,1.004902469612017762e-01,-3.486631117113299649e-01
8.629638633690478455e-01,3.203888685038224216e-01,9.775949859652326157e-02,-3.396981806255793268e-01
8.648481824529365980e-01,3.406720496410058363e-01,1.036464177137842169e-01,-3.255179897509452580e-01
8.632725032188162118e-01,3.511199409709308550e-01,8.831139421834635628e-02,-3.385474693038991734e-01
8.605590709576940167e-01,3.594845551189645994e-01,7.582496268228602898e-02,-3.371342506472033707e-01
8.573351263487158924e-01,3.674451147151591712e-01,6.118605670533284330e-02,-3.311863823745688218e-01
8.634635059383579669e-01,3.978680559273137241e-01,9.057150726616930436e-02,-3.243399321724032003e-01
8.645182918508933501e-01,3.961240012994994841e-01,4.734422756271101929e-02,-3.220217996337477739e-01
8.662804830507704335e-01,4.135469457959431439e-01,6.486082399680692667e-02,-3.093678670284532028e-01
