S0,S1,S2,S3
8.671024685217331163e-01,5.315803326724286570e-01,-4.158836251416320184e-02,-1.876892171329453685e-01
8.667150468345762304e-01,5.348899161302678174e-01,-5.043258878709362680e-02,-1.776673482786030045e-01
8.658220774302425315e-01,5.347477846312648220e-01,-6.078126864065232227e-02,-1.667854756216638479e-01
8.661373160957541728e-01,5.375440364500713164e-01,-6.576047777361089530e-02,-1.579697253703456483e-01
8.661578553320649076e-01,5.393850147921031013e-01,-7.681752021777324413e-02,-1.491706383352666698e-01
8.660727940456498519e-01,5.376795054153939990e-01,-8.518771170033044571e-02,-1.396126615116323466e-01
8.661876768133777160e-01,5.376719360404459414e-01,-9.177517225456725825e-02,-1.277027611501189153e-01
8.665104577464314284e-01,5.366095961058492403e-01,-9.862812906315827910e-02,-1.173641662795151946e-01
8.677459021705448139e-01,5.363992089500041471e-01,-1.072432898916578087e-01,-1.083410808249249957e-01
8.668289671622307901e-01,5.344935602817785236e-01,-1.143965693321112309e-01,-9.744441149221935716e-02
8.675141418631131529e-01,5.331792195499279741e-01,-1.182569895774389229e-01,-8.713329487381298033e-02
8.674935699346902895e-01,5.284308171962287526e-01,-1.261978473507626430e-01,-7.585929467345285671e-02
8.672960236127532641e-01,5.245460597315952933e-01,-1.360304074921305784e-01,-6.507578396083588124e-02
8.662570644352370897e-01,5.181518983090069863e-01,-1.423291788319517859e-01,-5.414013124138201266e-02
8.659656398015939116e-01,5.130775928464845759e-01,-1.477273018843766050e-01,-4.185747942804537297e-02
8.639641606589151257e-01,5.056148032751255350e-01,-1.590473280052646654e-01,-3.182196914833502338e-02
8.631097655199191365e-01,5.005103056132672590e-01,-1.668881212011836812e-01,-2.119519545737455490e-02
8.628548930386117366e-01,4.943695640652017720e-01,-1.705718905437061950e-01,-1.342029937852851594e-02
8.618816830560589448e-01,4.863011364456844010e-01,-1.788240410473143083e-01,-4.565890927106884718e-03
8.618478655616785833e-01,4.760029550868311587e-01,-1.864381528418067868e-01,4.401349869799419702e-03
8.629509715815041337e-01,4.679994043505076862e-01,-1.914361153973044016e-01,1.336926348234519953e-02
8.628628166438702118e-01,4.551425392821981664e-01,-1.963317710526235049e-01,1.877229383229883988e-02
8.633779173700167897e-01,4.437465299582155631e-01,-2.033052150744295850e-01,2.731302151060833669e-02
8.631552342543624690e-01,4.328956449274562468e-01,-2.040142063846935860e-01,3.537453651532662668e-02
8.641121258148762863e-01,4.220790926617703498e-01,-2.036019773657797571e-01,4.231453594988267980e-02
8.629866599571140995e-01,4.107367434601056355e-01,-2.071714846021486534e-01,4.637704068256746914e-02
8.626921536339176022e-01,3.997554080356547357e-01,-2.111434665316239967e-01,5.328842027545613313e-02
8.621051571226796550e-01,3.871998580131456036e-01,-2.096968118473487297e-01,5.942226031653186774e-02
8.611421551184788026e-01,3.728050088482975366e-01,-2.150823319389290056e-01,6.385285954352513949e-02
8.604184605934291907e-01,3.607591053934410819e-01,-2.196965025234673408e-01,6.595704277078148769e-02
8.601725407218444586e-01,3.476239572083916762e-01,-2.212386480025815283e-01,7.422912791746856531e-02
8.594558125224400769e-01,3.354160216839929265e-01,-2.225776610152259416e-01,7.664590661545549188e-02
8.580576356683445871e-01,3.204342102970860195e-01,-2.270626655819625306e-01,8.199607179364309939e-02
8.591030807331532237e-01,3.079360909624346831e-01,-2.252649934410477228e-01,8.347320308209527084e-02
8.585172437337437179e-01,2.942542758291896154e-01,-2.238987447574793677e-01,8.851595558705235844e-02
8.587571682203990475e-01,2.789974240097208291e-01,-2.226044666490801238e-01,8.591651730508029217e-02
8.588739159210967422e-01,2.667094222832652184e-01,-2.175583962741358401e-01,8.686231876648965733e-02
8.589057788286464934e-01,2.543442536058286851e-01,-2.136363199582475003e-01,8.315166933820763995e-02
8.567740176232696570e-01,2.414218806973942588e-01,-2.098463929225694857e-01,8.484276853205545421e-02
8.561712342652877394e-01,2.264013483501415569e-01,-2.085203912597212994e-01,8.121427002398459716e-02
8.553521098994077976e-01,2.115198165904060568e-01,-2.080046275262008304e-01,8.178297289298663841e-02
8.550594855943723926e-01,1.975257673407996295e-01,-2.015770265132432737e-01,8.340468832825864709e-02
8.549972516793246102e-01,1.850858831259652726e-01,-1.969490858840757808e-01,8.534721535966312278e-02
8.558529467663624768e-01,1.704775905188670448e-01,-1.951158190496344036e-01,8.035531454970870624e-02
8.554092099285679485e-01,1.589353852504264974e-01,-1.887358188364899048e-01,7.828468045407711851e-02
8.547750253712604884e-01,1.477000193209871415e-01,-1.830133880943674851e-01,7.373202614409025968e-02
8.541188202510706651e-01,1.338850595553718881e-01,-1.834752491844988953e-01,6.504522447457244949e-02
8.524249722285804909e-01,1.211421369278097293e-01,-1.771003638024060689e-01,5.560155835080406866e-02
8.512394259654200157e-01,1.094550535471886799e-01,-1.732412324220378719e-01,5.059973793310295481e-02
8.505022921772733557e-01,9.608380484978189251e-02,-1.687284334245553463e-01,4.259474124802893613e-02
8.507567531333884991e-01,8.607387310573805239e-02,-1.603743716242648498e-01,3.574003743135040212e-02
8.514406560281809755e-01,7.534438493439454820e-02,-1.523558417689947764e-01,3.328643546392993924e-02
8.519780313697872254e-01,6.337196504172130929e-02,-1.474983114772103754e-01,2.911280919555037441e-02
8.525402547637928041e-01,5.296833837878392459e-02,-1.422277829633397384e-01,2.081330911869997552e-02
8.523333985622942865e-01,4.452946990568180247e-02,-1.348819859634547702e-01,1.531081896253782930e-02
8.520887327459708560e-01,3.468344879803359621e-02,-1.284339105753296573e-01,7.091790162153222866e-03
8.511871460095656872e-01,2.542712177598812490e-02,-1.224828014512873153e-01,-4.700362124797284949e-03
8.507324716616443405e-01,1.729871761250518017e-02,-1.171003917725670779e-01,-1.477687753697037518e-02
8.495707830142296135e-01,1.167489240824109292e-02,-1.083213856690489751e-01,-2.139136010768775964e-02
8.489089483175000783e-01,5.436591778748888458e-03,-1.010722194123374468e-01,-3.180910968053309723e-02
8.483258297879375798e-01,-2.461700939147258918e-03,-9.721710643576814137e-02,-4.011964176513753422e-02
8.481011128237669894e-01,-7.227774817577274288e-03,-9.291349455642020083e-02,-5.115309669219850197e-02
8.476566857464272742e-01,-1.062981431717076319e-02,-8.294860919554654377e-02,-5.991443529959967346e-02
8.485290916043999321e-01,-1.521134744360801844e-02,-7.417298996694664248e-02,-6.830968418980762347e-02
8.495535127707163348e-01,-1.937894834387716980e-02,-6.484362290656454919e-02,-7.870695407507541375e-02
8.481435609147023325e-01,-2.111959203977399613e-02,-5.660859694695700994e-02,-8.844807582374288046e-02
8.481602658105612536e-01,-2.354356969174180303e-02,-4.511364349912865696e-02,-9.557137418003096296e-02
8.489530465201748921e-01,-2.458687585436844861e-02,-3.960536491841647883e-02,-1.063470678561338062e-01
8.486551712022304406e-01,-2.520224050853233852e-02,-3.024342421546777696e-02,-1.167959631223971229e-01
8.476196322116847925e-01,-2.516339316066291618e-02,-2.430542687414642342e-02,-1.255495117870351340e-01
8.491165412375295540e-01,-2.449915545141203091e-02,-1.402564029553842601e-02,-1.342843514266625349e-01
8.492580696513153393e-01,-2.202303045317646757e-02,-4.755583501801145634e-03,-1.451724623236416434e-01
8.487816820262562567e-01,-2.035306585970601476e-02,4.753488454423983843e-03,-1.564369986647209387e-01
8.493195588428650300e-01,-1.868901555692608837e-02,9.713015312064223611e-03,-1.693514838920943122e-01
8.505798334499117264e-01,-1.553751868621881631e-02,1.739200418037415916e-02,-1.807965274322564375e-01
8.507453426505254823e-01,-1.147251189771668692e-02,2.573753670780642641e-02,-1.923279531284674826e-01
8.502751387354637869e-01,-7.442052227794676567e-03,3.137714100707907072e-02,-2.035636184254180359e-01
8.506869570135153769e-01,-2.635274144465652932e-03,3.553739064959354765e-02,-2.141054974788617615e-01
8.494740361473454016e-01,1.976300158531287769e-03,4.370212187154545735e-02,-2.206620915112450787e-01
8.486468193254697034e-01,9.205949190901865226e-03,4.908924136990216319e-02,-2.307670364651943085e-01
8.489068810808687582e-01,1.407280919890673866e-02,5.298962130762975564e-02,-2.394588320480743049e-01
8.494992876271818538e-01,2.024173277787742059e-02,5.640949616057076843e-02,-2.501359751087031125e-01
8.500085840050735086e-01,2.878382236700347332e-02,6.501140736581843826e-02,-2.594192132182156496e-01
8.524900466056969384e-01,3.853471407978338592e-02,6.826266590116340793e-02,-2.697443797039756341e-01
8.529460669281933027e-01,4.691791613402469113e-02,7.365543632695653598e-02,-2.762174251950292869e-01
8.538836576308540538e-01,5.898958224237847714e-02,8.112847908678144648e-02,-2.865926865864606432e-01
8.534923190699262863e-01,6.785777216676654178e-02,8.534812347095520335e-02,-2.925810955314480655e-01
8.534885017216256031e-01,7.861347908971327847e-02,9.107020972392460001e-02,-2.983077364028067224e-01
8.529605817408661972e-01,9.037504940755830551e-02,9.594673115790509910e-02,-3.077801594018979570e-01
8.531958130689044628e-01,1.020229824942466973e-01,9.923070578831315325e-02,-3.159364519286620432e-01
8.523370633577667110e-01,1.127847671794874329e-01,9.928838002577269894e-02,-3.223940607192252172e-01
8.527909828108027890e-01,1.276822874680876574e-01,1.034429822738587440e-01,-3.255888779323266036e-01
8.535040026660428714e-01,1.415072957081791316e-01,1.046458072065275247e-01,-3.313316895045422816e-01
8.523739952078337456e-01,1.533518359239209594e-01,1.055811714136435375e-01,-3.328829614637786039e-01
8.525987756583888189e-01,1.660482240879175286e-01,1.039764345445708671e-01,-3.368123886522463861e-01
8.538017118416004747e-01,1.813422832494938353e-01,1.048249320710079313e-01,-3.376770519121192748e-01
8.550463289493400731e-01,1.932965942039918672e-01,1.015219094871610550e-01,-3.425606613483376806e-01
8.557170326020464568e-01,2.050735359230029808e-01,9.739404693505231136e-02,-3.428762899865530622e-01
8.576963382085864840e-01,2.213862176364576051e-01,1.006991863770442669e-01,-3.426046127457130774e-01
8.590846141754566734e-01,2.371984858013951869e-01,9.992429422334574152e-02,-3.418709571928394975e-01
8.594991621707366303e-01,2.495411571035696108e-01,9.691822372508938910e-02,-3.442651224991160608e-01
8.607226673408335804e-01,2.670634175398290400e-01,9.880344054615218530e-02,-3.439161549337894641e-01
8.613367561391105376e-01,2.820324682220011203e-01,9.672484914473579443e-02,-3.433464877291341755e-01
8.610648834245366867e-01,2.948727595522911415e-01,9.337063664027871190e-02,-3.435427513656408860e-01
8.607030081439005498e-01,3.073279992994039089e-01,9.325470754562559250e-02,-3.427003327998397464e-01
8.604848623011334130e-01,3.234466296385622441e-01,8.963945358705313615e-02,-3.378942471740106757e-01
8.600317609643772787e-01,3.366231196514366530e-01,8.726730943330933410e-02,-3.345311273429465437e-01
8.596577007913388524e-01,3.512835218174027996e-01,8.590003926817713076e-02,-3.328127649228629914e-01
8.600573767496841882e-01,3.642761807536888385e-01,7.729856397654326361e-02,-3.327210522456577890e-01
8.614001553751240436e-01,3.783932098525251697e-01,7.063347439116703097e-02,-3.293904632615900496e-01
8.616908049823791549e-01,3.910116010753111881e-01,6.905503733949643064e-02,-3.257878822048940748e-01
8.618061584830115640e-01,4.021843455170603931e-01,6.441333477559048337e-02,-3.194476579718520393e-01
8.627144465627488712e-01,4.155832533611505952e-01,5.640393610424702248e-02,-3.130813480558389816e-01
8.634442580624259733e-01,4.287493054858670383e-01,5.228886131741623117e-02,-3.038648482133236572e-01
8.631246551295680414e-01,4.414710481461034952e-01,4.762275006072663741e-02,-2.942209543552203876e-01
8.638190661339405496e-01,4.534028797486344131e-01,4.174550912468213970e-02,-2.852133802526056749e-01
8.639461474274759967e-01,4.658427741879707651e-01,3.280019644882661151e-02,-2.788411249468418784e-01
8.642075598897219768e-01,4.752242424686254907e-01,2.846178056645750840e-02,-2.707461995109876618e-01
8.645587201920087450e-01,4.865717925130442767e-01,1.988351809924259958e-02,-2.628547836969839513e-01
8.642845947727813005e-01,4.955135968789106116e-01,1.286384062193367435e-02,-2.540862860478794727e-01
8.645311315905487293e-01,5.037080264600450885e-01,3.558623415694067618e-03,-2.484853288834051044e-01
8.653230402099592045e-01,5.120584821645774998e-01,-3.860872285936672345e-03,-2.376173765996041354e-01
8.645300542262085441e-01,5.184671100336989413e-01,-1.482861088732480813e-02,-2.288018715095357092e-01
8.638962475163665111e-01,5.216871473179148788e-01,-2.048731715573418738e-02,-2.188579970638606931e-01
8.654352136819885022e-01,5.256684361128954874e-01,-3.032545312030650309e-02,-2.122201886627120282e-01
8.654502082330030044e-01,5.273436982479637880e-01,-4.038446043872769703e-02,-2.021155974068656325e-01
8.650776263872363980e-01,5.286567954447510820e-01,-4.849993080454937516e-02,-1.949518108857720977e-01
8.655565626219050568e-01,5.299347390455013684e-01,-5.598152050415446113e-02,-1.834744208985725766e-01
8.665701306133969384e-01,5.336601446375086599e-01,-6.445939519233274961e-02,-1.730147307759001551e-01
8.663096901130008520e-01,5.345739138581417915e-01,-6.950265471551153595e-02,-1.609426232505241083e-01
8.660429837248340146e-01,5.363976655068958266e-01,-7.706977457697376799e-02,-1.488230211708107542e-01
8.657487259482806730e-01,5.388934251130689246e-01,-8.518602920256940214e-02,-1.356983184245522389e-01
8.658600429438166879e-01,5.419127281458826495e-01,-9.241136440025098098e-02,-1.216680576808586850e-01
8.655773317384554133e-01,5.396956930396293872e-01,-1.000514231448034197e-01,-1.093152922070084188e-01
8.659678951696943017e-01,5.386674099009161054e-01,-1.107998724980855526e-01,-9.830214692485908512e-02
8.657645626298959840e-01,5.374172799560794633e-01,-1.178550397750936091e-01,-8.775466120171043771e-02
8.659945351478682829e-01,5.333988200008838998e-01,-1.267874863401864671e-01,-7.860536877491079710e-02
8.648509507731086954e-01,5.265329822344871902e-01,-1.339673734628621105e-01,-7.495256766543888227e-02
8.649994018558938569e-01,5.251464541497696814e-01,-1.397833628501134740e-01,-6.600434850736498771e-02
8.644133347483571317e-01,5.206931683211175610e-01,-1.452391295895022472e-01,-5.455220486480259756e-02
8.656837567686399559e-01,5.150493571737656540e-01,-1.517896316649081923e-01,-4.474434448337628878e-02
8.664435012638024292e-01,5.090059020217218011e-01,-1.576693125184669697e-01,-3.301639751376621301e-02
8.665427262931707508e-01,5.044806137406691038e-01,-1.644368838984361092e-01,-1.866987075355967113e-02
8.653458251531963574e-01,4.952856871194930011e-01,-1.729064768912780270e-01,-9.724844262002802983e-03
8.645643519633660068e-01,4.852374624654456903e-01,-1.800556498264525018e-01,-4.321862578749073071e-03
8.634735661573835763e-01,4.767030642262908846e-01,-1.846805355215314914e-01,6.751851664648843461e-03
8.625046231217012860e-01,4.667148206709301750e-01,-1.892751314482689351e-01,1.189144001015816215e-02
8.631377545968351717e-01,4.545447110849384909e-01,-1.953517881361170327e-01,1.768335879552446546e-02
8.634668285013682443e-01,4.444122852738758844e-01,-1.995483446809484807e-01,2.699641016944920313e-02
8.637346572940663991e-01,4.360667493621907531e-01,-2.030987548584946012e-01,3.724631079836806385e-02
8.633973241333483539e-01,4.243653890167235487e-01,-2.083545609423723688e-01,4.269229763198508637e-02
8.631349416135807306e-01,4.122341111291242810e-01,-2.111736038817769168e-01,5.268140221219908687e-02
8.624082720457919571e-01,4.015575102142118213e-01,-2.131364764586217153e-01,6.043458605328348721e-02
8.614849593195355038e-01,3.869855621336919516e-01,-2.199675249853214887e-01,6.517901471172397876e-02
8.600197700385134869e-01,3.721629311248654259e-01,-2.236335352122552911e-01,6.723475243224361075e-02
8.591812905814169010e-01,3.609667962496030391e-01,-2.198269608400751085e-01,7.178850357735733212e-02
8.590601029342095352e-01,3.526925275909503776e-01,-2.190841012082820893e-01,7.517307488480144684e-02
8.586084485956064771e-01,3.385989231200118854e-01,-2.186734427602370079e-01,7.722867933453955724e-02
8.588450524841083622e-01,3.262209886896959565e-01,-2.172885260536190355e-01,7.946177418434700879e-02
8.592538568351437700e-01,3.147476613879235940e-01,-2.148698042228743832e-01,8.631500752535041510e-02
8.587985177376097345e-01,2.974704490332574225e-01,-2.197669762180148589e-01,8.833371291583926033e-02
8.587351832446570299e-01,2.792683763412785458e-01,-2.201200064771796916e-01,8.897232068680947792e-02
8.582028388250217965e-01,2.649732536037723296e-01,-2.200441042712192596e-01,9.170171826647524616e-02
8.577152669848928657e-01,2.495422675104730370e-01,-2.173911110505582223e-01,9.132697930814917542e-02
8.575500467688017547e-01,2.326911711172181541e-01,-2.155015717125885188e-01,8.647225101492131416e-02
8.577144427041181185e-01,2.211660188767898827e-01,-2.082085927122238334e-01,8.433542031607417500e-02
8.576660311625202704e-01,2.087657894875900866e-01,-2.056949390369242903e-01,8.195793070562533422e-02
8.569341997868745731e-01,1.949529919466791716e-01,-1.998466343886380614e-01,7.936124404093612694e-02
8.562835865784017564e-01,1.826307544111145931e-01,-1.978627185950342371e-01,7.854855701654564482e-02
8.556658094523804658e-01,1.726969657605429975e-01,-1.925652619417713984e-01,7.922118469240241323e-02
8.558710784727636689e-01,1.590255403744697260e-01,-1.949351065827311380e-01,7.687513469234021068e-02
8.554135691855039303e-01,1.419767831861216134e-01,-1.896378410536179449e-01,7.461782378290901518e-02
8.556802852580523977e-01,1.305933236838121569e-01,-1.864013277220279152e-01,6.831386032244289586e-02
8.557371263110541415e-01,1.170764691547102193e-01,-1.775983030531295970e-01,6.177219527560756651e-02
8.561089252673369510e-01,1.021261883047826641e-01,-1.753293677884620871e-01,5.690927602915036437e-02
8.562576367582970249e-01,8.899922879698443645e-02,-1.660677665043349127e-01,4.888660951989121789e-02
8.551996054317164697e-01,7.798324162436574836e-02,-1.606980106400585639e-01,4.305456566974222299e-02
8.554090483185614602e-01,6.811998474432329198e-02,-1.521509594626167250e-01,3.749235694305609601e-02
8.551274406413361673e-01,6.131319453352293558e-02,-1.424127435260435781e-01,3.250753926316121700e-02
8.535725485188671025e-01,5.514046374761632369e-02,-1.360920596511782377e-01,2.125870101597053530e-02
8.524120062610907045e-01,4.758679116219830668e-02,-1.287422492812601571e-01,1.523894916942220880e-02
8.512759216391659889e-01,4.076922563675885319e-02,-1.216950669452013939e-01,5.088063513611438410e-03
8.499007526563825410e-01,3.029726479624532398e-02,-1.191194489846373744e-01,-5.380734795362499684e-03
8.502712277261001983e-01,2.156341993112060804e-02,-1.141691334244368389e-01,-1.349115775824836529e-02
8.512253582546356334e-01,1.340097377125213339e-02,-1.038354611511588116e-01,-2.009946481267981325e-02
8.521428599755284106e-01,7.897790195873362687e-03,-9.573316021594360792e-02,-2.871855189353140353e-02
8.527137821838169929e-01,3.542667464950745651e-03,-9.048171211168366812e-02,-3.754117847097088179e-02
8.525328925316330020e-01,-1.741336207617948020e-03,-8.390494386740891819e-02,-4.588459467517438245e-02
8.517435949479541524e-01,-6.932134031129745001e-03,-7.821179224783417205e-02,-5.975114767633103036e-02
8.510371338073008385e-01,-1.161454928822908822e-02,-7.109695437690149999e-02,-6.775783967017233456e-02
8.499538455287612981e-01,-1.646083830327443875e-02,-6.406011801183103538e-02,-7.978259531528746062e-02
8.494139971953021950e-01,-2.003368222834372298e-02,-5.196444326284754139e-02,-8.859702790742872425e-02
8.504926010273334835e-01,-2.093294650908245069e-02,-4.265439120780069315e-02,-9.585797548784541489e-02
8.496029292206529471e-01,-2.528279113657719290e-02,-3.356940859145787076e-02,-1.034376764939675952e-01
8.500654736506926268e-01,-2.654638453292400627e-02,-2.744267046096426216e-02,-1.147013002594851339e-01
8.501226229062287532e-01,-2.837763084744011552e-02,-1.805058525639590891e-02,-1.233584468523075822e-01
8.504274306564418850e-01,-2.732077700790273844e-02,-1.185291300996272126e-02,-1.353061670393059801e-01
8.498392466897339848e-01,-2.735085008300143852e-02,-7.022524281104987635e-04,-1.481474779550531473e-01
8.507186261982794262e-01,-2.232241749214668169e-02,6.511289287753682826e-03,-1.600163643159782656e-01
8.508824050458955179e-01,-2.190989792260428226e-02,1.617153314359384003e-02,-1.743896757341828196e-01
8.503640632808285860e-01,-1.972820535382826396e-02,1.713346211978338668e-02,-1.854470635252516708e-01
8.511989561767074886e-01,-1.714057993586968337e-02,2.199413359633708639e-02,-1.971179294911057367e-01
8.515970299675885702e-01,-1.244833756931302063e-02,2.838684580633335508e-02,-2.064183994721992266e-01
8.519013791155987114e-01,-7.590029966957693476e-03,3.524208358607256591e-02,-2.139842598577437749e-01
8.512868980826351351e-01,4.188259530839502377e-05,4.136216404764159194e-02,-2.219721557875388995e-01
8.530635383720610587e-01,9.703730794391339856e-03,5.206991322529413296e-02,-2.297153432277425633e-01
8.541622611569428258e-01,1.898639593509573661e-02,6.136009843956526100e-02,-2.385077069922445503e-01
8.537264151377241816e-01,2.618228923798713095e-02,6.924241568964567550e-02,-2.468893728825197198e-01
8.536846954998266179e-01,3.427362965892920277e-02,7.357936742623190363e-02,-2.576406271564051220e-01
8.541055019529140147e-01,4.195504014190722802e-02,7.812068087693573026e-02,-2.673168484692113323e-01
8.536296008793697876e-01,5.261578669084476106e-02,8.116390226044173373e-02,-2.783625980677965628e-01
8.525502233084399917e-01,6.208036210362804369e-02,8.154760416458690930e-02,-2.864374712178196503e-01
8.537008825772816056e-01,7.227753950612979261e-02,8.319394714210613662e-02,-2.960690897189716675e-01
8.544035012141707464e-01,8.293839131248800789e-02,8.732735860859262844e-02,-3.034363929464333198e-01
8.547932549503275412e-01,9.735303959806307361e-02,8.785024136495993285e-02,-3.095273658346803236e-01
8.546813012536174092e-01,1.085399613889972831e-01,9.357470140574367101e-02,-3.154931014314486526e-01
8.556724147977601280e-01,1.212593888214234250e-01,1.008160265013181844e-01,-3.181662641228366062e-01
8.557901382959729464e-01,1.351305965092092221e-01,1.037086829658763892e-01,-3.232846929526657087e-01
8.559897065933549376e-01,1.497481119161613305e-01,1.088696515969252709e-01,-3.280922751478428934e-01
8.571472177721957131e-01,1.636690053397480971e-01,1.158772692075499128e-01,-3.285697174770932372e-01
8.575818279660550880e-01,1.758676488124847337e-01,1.150719945388423288e-01,-3.326139147850233901e-01
8.570578199120925111e-01,1.891811140221521526e-01,1.131221166579329668e-01,-3.363886177131288346e-01
8.573371880037331527e-01,2.040405597064199328e-01,1.136571581611245801e-01,-3.380103375147693878e-01
8.572139094712138974e-01,2.185124954943978848e-01,1.090268878210556708e-01,-3.397150002465970653e-01
8.567789974578883250e-01,2.313489010876628449e-01,1.073451253347598722e-01,-3.429200474024465262e-01
8.568577448826121268e-01,2.479232098746002588e-01,1.074511202489110279e-01,-3.415652851106006915e-01
8.571895867392791413e-01,2.601689421420680937e-01,1.027625826331415859e-01,-3.454408869269455784e-01
8.577190012004133335e-01,2.738325697536537762e-01,9.864656564045130860e-02,-3.463995675031242283e-01
8.597842817968914808e-01,2.874383220262812233e-01,9.839334278776744325e-02,-3.452212404192052664e-01
8.598003630487218718e-01,3.013760278911646329e-01,9.390500520535617623e-02,-3.446903438152425503e-01
8.600200913900739597e-01,3.157758328643884282e-01,9.420260533040271389e-02,-3.406091218100697482e-01
8.613460486881323597e-01,3.333121424893921714e-01,9.744411686909713877e-02,-3.332117213301728498e-01
8.618377943260587815e-01,3.483353968422959746e-01,9.650649491151026826e-02,-3.297387814377639725e-01
8.604474397544598085e-01,3.629438164998660676e-01,9.167736366961527772e-02,-3.270628724796063036e-01
8.616086780888531083e-01,3.796374948049051623e-01,8.856787811578986647e-02,-3.245488522518343855e-01
8.622500890385456085e-01,3.906589375044459689e-01,7.769625594819552783e-02,-3.223361894555818452e-01
8.613425219805082023e-01,4.017947892172117341e-01,7.038162167510461642e-02,-3.205736052218974286e-01
8.618855389226200980e-01,4.134107210462358295e-01,6.218077638964624593e-02,-3.157523396580567687e-01
8.625443983282451432e-01,4.233530760500133217e-01,5.700580203404429641e-02,-3.080258299002568423e-01
8.620112732786191501e-01,4.321871717967095683e-01,4.947987241607188641e-02,-2.992518548187744210e-01
8.617091531010526717e-01,4.452123054732599616e-01,4.181418452403613817e-02,-2.941051348031969992e-01
8.621905762148746044e-01,4.530865527779001645e-01,3.281509608637441650e-02,-2.877630507509941760e-01
8.628577584335054285e-01,4.639198919865570869e-01,2.704680988595772537e-02,-2.815073039626872498e-01
8.630553860104021036e-01,4.750196159867754453e-01,1.759458997949677264e-02,-2.736648178189103886e-01
8.634262718186295205e-01,4.844336270979966441e-01,1.083426299965595772e-02,-2.658202331079004832e-01
8.638337967098347336e-01,4.915077186791271813e-01,6.066997801353732692e-03,-2.566193711376940079e-01
8.644956363395397414e-01,5.042063397782566847e-01,-7.701266695898418982e-04,-2.449827245277543530e-01
8.644438065758005552e-01,5.109531881308034817e-01,-7.906806386731158112e-03,-2.345284508654848221e-01
8.646805642585767560e-01,5.167581392999431866e-01,-1.463440629138421448e-02,-2.230406832282422480e-01
8.655055128242166163e-01,5.247623922511105432e-01,-2.268053105133046449e-02,-2.124967213932690557e-01
8.656285353672685812e-01,5.303010816423462392e-01,-3.025309500182460018e-02,-2.017138524237309383e-01
8.655364103390734698e-01,5.322887805445534193e-01,-3.829771819143043543e-02,-1.947210950118746231e-01
8.659549157530760377e-01,5.362669027894420015e-01,-4.847713270531039953e-02,-1.828323973935921110e-01
8.657478364161111939e-01,5.377369739005666283e-01,-5.740979664142196320e-02,-1.766131983270303463e-01
8.659218609218736207e-01,5.368022966198935375e-01,-6.671226977957897541e-02,-1.682646757697467965e-01
8.664343418392345120e-01,5.381997198312420405e-01,-7.404489241790943033e-02,-1.556758602439460848e-01
8.676330149162354566e-01,5.396794315705529810e-01,-8.122195503318037357e-02,-1.434345980468720860e-01
8.665338819976373674e-01,5.402892087868658155e-01,-9.078651365954538976e-02,-1.335512244107415758e-01
8.677509239880171199e-01,5.428195055874435182e-01,-9.762768896445499223e-02,-1.184101761070529973e-01
8.674322030241105042e-01,5.419359825791169039e-01,-1.055472848180119272e-01,-1.032354685724888727e-01
8.669470798554119728e-01,5.421266334107956997e-01,-1.163076962961118038e-01,-9.414331465728599524e-02
8.651699142441092727e-01,5.385335216089920385e-01,-1.287426824384175772e-01,-8.358270234432448043e-02
8.651729048078714568e-01,5.349707340645566411e-01,-1.332713336373871904e-01,-7.429473270802425255e-02
8.644568049490820583e-01,5.284146743043323102e-01,-1.405974761107025017e-01,-6.728860539017758602e-02
8.636111444190072151e-01,5.253205919182377670e-01,-1.470179729911257338e-01,-5.857114845357960092e-02
8.636559115981100598e-01,5.190456400043841345e-01,-1.521482322433287127e-01,-4.664979208602117178e-02
8.640004393442527464e-01,5.122214853913447108e-01,-1.593031856841332916e-01,-3.405831941445911643e-02
8.648989758296947716e-01,5.056280560618008346e-01,-1.659572261057490894e-01,-2.165256277729694923e-02
8.648232490024311270e-01,5.016303609022443322e-01,-1.713263003603403278e-01,-1.095776774003220586e-02
8.657019091507188735e-01,4.919950733055724057e-01,-1.779195223731426800e-01,-2.908578634563046411e-03
8.655443293335622901e-01,4.820124519467930968e-01,-1.880838569493524792e-01,4.196925425662648146e-03
8.656551301820889499e-01,4.723497760268873802e-01,-1.908452953186122458e-01,1.145007563037364964e-02
8.640329924589638111e-01,4.631139859003415848e-01,-1.950038719900120121e-01,1.974218220036789637e-02
8.636536757646425810e-01,4.512103371048496459e-01,-1.995568813029290622e-01,2.672082770841388913e-02
8.624203604944150614e-01,4.414690960434501932e-01,-2.018826876864029674e-01,3.478754249085191236e-02
8.625221634605434451e-01,4.290600400939104664e-01,-2.026744240975044409e-01,4.054219305656247413e-02
8.622917163651789840e-01,4.194047094334423798e-01,-2.045360338289154145e-01,4.439867245081210306e-02
8.624676197048489756e-01,4.050738164962834342e-01,-2.101446357621545302e-01,4.822044407602481264e-02
8.624405642635215585e-01,3.889421143602213582e-01,-2.168072858265295000e-01,5.278783416665919215e-02
8.617773020728505262e-01,3.724867914401144287e-01,-2.224499894137627887e-01,5.493444092331641049e-02
8.611809407294589436e-01,3.618794169864715804e-01,-2.245814311483737280e-01,6.152172406638353047e-02
8.599532566531586930e-01,3.487399112807929025e-01,-2.251677862180123113e-01,6.649157595947680077e-02
8.592297712787704267e-01,3.368639805477979809e-01,-2.246627380630238924e-01,7.198782386037057279e-02
8.581712112391677305e-01,3.286211813223798295e-01,-2.218946269861435394e-01,7.877386482745410423e-02
8.589136667468273423e-01,3.187186595966337022e-01,-2.181322322225933141e-01,8.288550859128780701e-02
8.591779056432984341e-01,3.030753148425580634e-01,-2.160479653524652599e-01,8.263590851515136004e-02
8.591850267297047594e-01,2.882469830458035398e-01,-2.156797832724969832e-01,8.453409714968371236e-02
8.586396147125168188e-01,2.754430080613222698e-01,-2.150011145863474638e-01,8.738814020155498408e-02
8.575270455943589942e-01,2.570666337265553048e-01,-2.147842813832992748e-01,8.454996002108931819e-02
8.572463540760104639e-01,2.417131761002024315e-01,-2.121964022182832865e-01,8.422255145687176925e-02
8.570094658035833923e-01,2.296949598742896170e-01,-2.060538548208883103e-01,8.668077288541332914e-02
8.572734993801478520e-01,2.170805680907254842e-01,-2.082027525883265173e-01,8.756687961698222944e-02
8.579105316969779516e-01,2.020154134660344658e-01,-2.061347151280453205e-01,8.157075894636853231e-02
8.594162050225397920e-01,1.921066321436343816e-01,-1.986009268221410884e-01,8.080926680416679331e-02
8.583551376708297154e-01,1.793906467445529340e-01,-2.001617868435756065e-01,8.056304734055663719e-02
8.565020089464359110e-01,1.653984409651265697e-01,-1.990730118742966293e-01,7.603644445938276264e-02
8.555992527528684111e-01,1.557152717431719569e-01,-1.899945559210996227e-01,7.035319573377017688e-02
8.549065538896746252e-01,1.450983117136379619e-01,-1.845512168341127690e-01,7.056585172312621057e-02
8.549288203248571749e-01,1.332032898536052168e-01,-1.807115001201589632e-01,6.833126765701476313e-02
8.546428401041777922e-01,1.217616529499319783e-01,-1.734830512985446882e-01,6.073199471114085202e-02
8.554314984926083554e-01,1.082437913530031881e-01,-1.698083795055948808e-01,5.225748450738887385e-02
8.554568531824949806e-01,9.319311075285044432e-02,-1.633757502684178020e-01,4.821134232611035131e-02
8.561416401770547413e-01,8.121028375749272943e-02,-1.574650151243019991e-01,3.967659132333661853e-02
8.542781277505867576e-01,7.015298019762769566e-02,-1.541786076596677046e-01,2.960021402780913663e-02
8.542375825220674956e-01,6.002288531270667110e-02,-1.428908633791141636e-01,2.147106031026991407e-02
8.545160061908892990e-01,5.436015805619590080e-02,-1.336943549302384016e-01,1.681227808977376129e-02
8.536926959964489248e-01,4.470518605167722592e-02,-1.294876480759671600e-01,6.858284444404608680e-03
8.528670324786089552e-01,3.692922206906439769e-02,-1.211863075676428286e-01,-1.437537774022278145e-03
8.530139328057780856e-01,3.061999804874355330e-02,-1.096447294348625590e-01,-7.264551628581178595e-03
8.526225960960074346e-01,2.094224294482568971e-02,-1.079907774067749293e-01,-1.500434356350338269e-02
8.518747353065564409e-01,1.309184967788520025e-02,-1.028073061604899696e-01,-2.487611478990648176e-02
8.518071256956246673e-01,7.977991999744860063e-03,-9.587843039920158905e-02,-3.343489417939426306e-02
8.508039856727432904e-01,2.128321426936529391e-03,-8.784111337915538609e-02,-4.308549596177653485e-02
8.508722393314334109e-01,-3.774748365406309022e-03,-8.493691089640241498e-02,-5.453995665934688319e-02
8.512420888293821264e-01,-4.890901217668303970e-03,-7.607837430405289814e-02,-6.197498736494218285e-02
8.508361144842968571e-01,-8.620289384591337672e-03,-6.730989230950727709e-02,-7.198167097634830536e-02
8.514446793493812837e-01,-9.732416928643489173e-03,-5.594646530017628738e-02,-8.234286633409175493e-02
8.514632398448904738e-01,-1.287726054098390152e-02,-5.166353919461990490e-02,-9.175868297274322738e-02
8.508193986863669123e-01,-1.631798368431041507e-02,-4.117777593839336281e-02,-1.018023688473290861e-01
8.505413849512619695e-01,-1.670980823021839604e-02,-3.006841426556296215e-02,-1.129088831269737664e-01
8.504928029448073357e-01,-1.632797600526466816e-02,-2.229338946031448471e-02,-1.224190563553194250e-01
8.498534324418237640e-01,-1.860477190599650957e-02,-1.678414672563854904e-02,-1.325433657935998211e-01
8.511987830922922438e-01,-1.702515300379688762e-02,-2.933216413046040288e-03,-1.454039312942628503e-01
8.518924353448737996e-01,-1.544490314371951313e-02,1.556450202741529966e-03,-1.557886244651161822e-01
8.523652325931163620e-01,-1.583475337805225619e-02,6.044435308567104939e-03,-1.663940355619055456e-01
8.518856556813206860e-01,-1.252294752631979459e-02,1.726915692418679732e-02,-1.756528520702107243e-01
8.536614256281894741e-01,-8.182702766778095910e-03,2.504724555106013772e-02,-1.889014988128925876e-01
8.529758639023979905e-01,-5.388501931858721665e-03,2.754532756206333130e-02,-1.988260203129706694e-01
8.535737594932999439e-01,7.237463979585835594e-04,3.904183716477409999e-02,-2.101059590844153169e-01
8.533038903089900096e-01,6.900620386153815192e-03,4.700580529842608712e-02,-2.208457176613920769e-01
8.544280433042134026e-01,8.956928535959569546e-03,5.273158004001905069e-02,-2.318166277546834797e-01
8.533655558255121010e-01,1.769102039634594392e-02,6.087349377174731263e-02,-2.372100901936732564e-01
8.530379175338649311e-01,2.332911335705059597e-02,6.656283490777185896e-02,-2.463559963539829478e-01
8.521868841361098790e-01,2.998257792637937583e-02,6.868244642268989120e-02,-2.556352046518409193e-01
8.527800533411086237e-01,3.939890202721808149e-02,7.355818101142358456e-02,-2.677961547156901267e-01
8.529607649181000228e-01,5.236937940541291220e-02,7.765970169767028031e-02,-2.744948649588004885e-01
8.528841351704616880e-01,6.065528145295725343e-02,8.103924605814215310e-02,-2.838648738106391289e-01
8.525774151768089615e-01,7.294266463520600319e-02,8.639755015220075551e-02,-2.916038112182364195e-01
8.530585716746867941e-01,8.327132388096247784e-02,9.240779568325566129e-02,-2.975693390091264656e-01
8.527374994252222562e-01,9.520877489011850270e-02,9.498569248597962811e-02,-3.016481155477986897e-01
8.524611112823221593e-01,1.038468136317151208e-01,9.096382008511585959e-02,-3.122062274493557221e-01
8.523095142144279102e-01,1.143985781394054047e-01,9.527164182051744978e-02,-3.186182292511463565e-01
8.533880280742107693e-01,1.264155770224811570e-01,9.920200544856486169e-02,-3.229275673285110226e-01
8.540246447828832022e-01,1.378700268525120676e-01,9.744767535057385910e-02,-3.260914739594976131e-01
8.552280826632387978e-01,1.500625392354180687e-01,9.942442550594604578e-02,-3.287826630052674837e-01
8.564205883336938330e-01,1.635189624380103957e-01,1.068457463733354235e-01,-3.296307256958242449e-01
8.578712777445810511e-01,1.775442695332903054e-01,1.062433897445939635e-01,-3.330439173803921848e-01
8.575547001629975075e-01,1.918378250655564388e-01,1.028935961386896608e-01,-3.394982829862674967e-01
8.581989004853466385e-01,2.074878408127115437e-01,1.074907273681575265e-01,-3.433989780116745716e-01
8.575046589307128153e-01,2.200125964004185919e-01,1.065445795694276998e-01,-3.463395589628526783e-01
8.574111757914554266e-01,2.368398596057965932e-01,1.048066462390435799e-01,-3.463454768835156350e-01
8.571808544840945343e-01,2.506619525153175876e-01,1.045598453789748500e-01,-3.460079709213541022e-01
8.586852398288103982e-01,2.651895222770872529e-01,1.018446397354164090e-01,-3.440942800824038916e-01
8.596354537384875982e-01,2.785442073370499871e-01,9.686893314653451104e-02,-3.447546107736395027e-01
8.608419245388849728e-01,2.937317431960210778e-01,9.461131420815870052e-02,-3.454693460351350720e-01
8.605822324541032575e-01,3.072266289657780147e-01,9.214368569498715411e-02,-3.446043188132896229e-01
8.606727036777922502e-01,3.213958752929349516e-01,8.542573971078275263e-02,-3.446176470371254963e-01
8.608858283141785916e-01,3.343912694847333555e-01,8.144839599463354896e-02,-3.413039074837753706e-01
8.595574088558062265e-01,3.499321506502213186e-01,7.669803810340949934e-02,-3.385067492570403291e-01
8.594336784558709308e-01,3.639082698382639092e-01,7.195811303952111271e-02,-3.319315035034848815e-01
8.600407086032374471e-01,3.753646297254966124e-01,6.674014186307791752e-02,-3.283884977271111505e-01
8.607840472524257436e-01,3.917700276773331547e-01,6.444311664851658239e-02,-3.196921620383341156e-01
8.613501967904599876e-01,4.032901905123171815e-01,6.070497742102164140e-02,-3.145913139529544766e-01
8.621192223127627230e-01,4.147394381914875083e-01,5.362059760021284371e-02,-3.093505336627235813e-01
8.622588794409314916e-01,4.293176098584221001e-01,4.979137603593723066e-02,-3.016724193743223759e-01
8.633521792286024121e-01,4.438790839619686235e-01,4.242283734732453515e-02,-2.955129706169660753e-01
8.638621656050425868e-01,4.500843904704149856e-01,2.811812772927346077e-02,-2.933938855501444509e-01
8.630818758690141923e-01,4.623566339610679643e-01,1.945447447144848380e-02,-2.844815619894961456e-01
8.633614521189035829e-01,4.719852694536670890e-01,1.581180572904516621e-02,-2.747809694395055291e-01
8.640203411422042734e-01,4.792125664466367341e-01,7.010108032618160914e-03,-2.702132456433983254e-01
8.641491030727489475e-01,4.865396925869419076e-01,1.350083881560715238e-03,-2.623642159365051074e-01
8.646763490679829633e-01,4.955512228623162874e-01,-3.928820224752766280e-04,-2.494747769545958282e-01
8.661074896965287317e-01,5.038590457931312327e-01,-6.190374706266628738e-03,-2.410635960835352531e-01
8.674346198010233211e-01,5.108841033798537934e-01,-1.333436028212213638e-02,-2.326866830826941346e-01
8.663681008611743284e-01,5.154334583371359413e-01,-2.051893082478219166e-02,-2.217345543402258756e-01
8.671103730710204571e-01,5.195554568813341989e-01,-2.725385182587676189e-02,-2.113576913118384581e-01
8.676184478425730262e-01,5.229100080143800344e-01,-3.472872871666572020e-02,-2.045216498748358980e-01
8.674021448548363544e-01,5.269312864015217590e-01,-4.053410127678219732e-02,-1.954346434957302814e-01
8.662397280688983736e-01,5.289356776996825271e-01,-4.954584293789322108e-02,-1.862283761392019843e-01
8.674032068243299198e-01,5.328496734159907655e-01,-5.891421212048340850e-02,-1.773061199663774901e-01
8.664613067330505514e-01,5.349041799076549308e-01,-7.179751031519064630e-02,-1.675379388789448587e-01
8.660305664873226839e-01,5.383547307673800519e-01,-7.968293331455279793e-02,-1.559497976259691943e-01
8.655818763507642233e-01,5.416230098266181514e-01,-8.797904408856092873e-02,-1.436183800464613525e-01
8.658096894403738419e-01,5.424168708286359886e-01,-9.693283637217432747e-02,-1.324472052322170079e-01
8.659668101012913954e-01,5.384484551607343628e-01,-1.063500653704083782e-01,-1.223487036978107567e-01
8.655338597774425713e-01,5.367955902635953569e-01,-1.115322298542165552e-01,-1.116644128719248147e-01
8.655945578487489467e-01,5.355838249108619831e-01,-1.188416249013032611e-01,-1.002208762284673010e-01
8.654312314793942695e-01,5.286540440185411027e-01,-1.278118336044872239e-01,-9.138838647082173083e-02
8.650441987287253998e-01,5.255584823467358557e-01,-1.343492791715420465e-01,-7.913207384707660053e-02
8.653818000354699391e-01,5.249118879968196483e-01,-1.366965539188327583e-01,-6.541291463391386840e-02
8.658093988097865790e-01,5.194074639887568123e-01,-1.458661339491770792e-01,-5.560736753163999374e-02
8.646418086171295814e-01,5.143309676713448964e-01,-1.513535694627957673e-01,-4.554221262717420698e-02
8.650363977478056077e-01,5.096530658059282848e-01,-1.555938461326211719e-01,-3.320675943046259848e-02
8.659392495762413544e-01,5.023780108883059148e-01,-1.625818905108442070e-01,-2.474836828653364032e-02
8.647901846680389193e-01,4.946699463085232895e-01,-1.690421084749654246e-01,-1.627234443495568020e-02
8.650372459541151304e-01,4.908770207414600573e-01,-1.709527323882317207e-01,-4.474342404244555441e-03
8.653423496529188963e-01,4.798005577976905411e-01,-1.779509093875609460e-01,3.770037858982653190e-03
8.647044163060612076e-01,4.679921790483160260e-01,-1.854862092944385144e-01,1.208964545737195410e-02
8.631406097279610279e-01,4.589170361596029424e-01,-1.925610191537042715e-01,2.127582740715118145e-02
8.629940538769180769e-01,4.484540529302294409e-01,-1.984794254906231958e-01,2.929696272235771462e-02
8.612153786065986916e-01,4.339347550484117799e-01,-2.076790971872986002e-01,3.246610157296497823e-02
8.609252800541646877e-01,4.263539480793354652e-01,-2.113506796963007806e-01,3.952904371581197202e-02
8.610899868740149454e-01,4.176344444564457081e-01,-2.159849719393165113e-01,4.403094593672174373e-02
8.621659001866147642e-01,4.054108593312901743e-01,-2.173918157809281437e-01,4.834492710670428017e-02
8.629250856540493508e-01,3.914590960376340689e-01,-2.197574136601738448e-01,5.211538146713735886e-02
8.636865811427455464e-01,3.814574137284386102e-01,-2.164867426698439956e-01,6.105606470907025407e-02
8.640344691291285129e-01,3.681716891903501487e-01,-2.200852132733268629e-01,6.560843601685660553e-02
8.627674758750423223e-01,3.561126090835360358e-01,-2.180928570405570865e-01,7.224422017042315958e-02
8.625176367404483457e-01,3.429645212295712176e-01,-2.157836867423745808e-01,7.712959315419236350e-02
8.610502567054513223e-01,3.286758846436653170e-01,-2.187580815146419888e-01,8.101454214549774768e-02
8.619497464546349574e-01,3.142625145423073585e-01,-2.189963822623500755e-01,8.092682603882334069e-02
8.611943452950643341e-01,3.001771326956743091e-01,-2.149416548475705235e-01,8.471355224556487151e-02
8.609831570060628714e-01,2.824972972335545451e-01,-2.169706667479308349e-01,8.274089369684915762e-02
8.609583832534628556e-01,2.696978189870734566e-01,-2.138484924285067035e-01,8.383372459146085087e-02
8.605879346933622553e-01,2.600837859556477394e-01,-2.079662129646276947e-01,8.906023491525438818e-02
8.582731413389007580e-01,2.441302107862667603e-01,-2.081385477580466326e-01,9.161418287339406774e-02
8.573349749682077636e-01,2.301871059584892631e-01,-2.058142848549285309e-01,8.999035611860815853e-02
8.577354835967233582e-01,2.201147109616087560e-01,-1.986010550421232757e-01,9.287782791712964614e-02
8.565347618890736259e-01,2.057467209469509006e-01,-2.004893637001081697e-01,9.110670830824445232e-02
8.568690912216230249e-01,1.894711524360409849e-01,-2.016097980686856472e-01,8.437609606161489140e-02
8.576243876078876172e-01,1.772022239683971878e-01,-1.934158700430765598e-01,7.898758501693479983e-02
8.575127671942068819e-01,1.628958046692042250e-01,-1.898661528721578839e-01,7.774397060396191772e-02
8.569644257779468477e-01,1.474772324535084944e-01,-1.906699115053464011e-01,7.011021632268420178e-02
8.560755267422016646e-01,1.335674322596342722e-01,-1.858001349474809050e-01,6.532170100664880241e-02
8.556026132011100849e-01,1.216617496767275347e-01,-1.769150775209662463e-01,6.095539988905284562e-02
8.541946943830069916e-01,1.075821039682539060e-01,-1.775501211220288367e-01,5.647158534247823797e-02
8.544258559029480615e-01,9.445524129912184763e-02,-1.726838801423776493e-01,4.925770011002289506e-02
8.546647249214465170e-01,8.387654700478883174e-02,-1.628381128921316257e-01,4.341571632767620564e-02
8.551088207515734618e-01,7.414459172213125338e-02,-1.575778491968044537e-01,3.919124945575039320e-02
8.540148180268603006e-01,6.328437683715228135e-02,-1.540897670414492493e-01,3.096693920023246838e-02
8.553468282076744922e-01,5.690445303729636806e-02,-1.458988173678851252e-01,2.344806747637723926e-02
8.537988321195676411e-01,4.907345973024209579e-02,-1.410160267384674981e-01,1.599653746906674542e-02
8.526644349403882384e-01,3.848293405055341898e-02,-1.371775168424095581e-01,1.188872549298778704e-02
8.519676374856548495e-01,3.090346496450726427e-02,-1.254793543514645948e-01,1.610473101458081372e-03
8.520228972987083926e-01,2.458185825679665495e-02,-1.194419130370327209e-01,-5.786162081187849054e-03
8.500972202458150218e-01,1.531130263186744091e-02,-1.150579519228307618e-01,-1.502720156711508971e-02
8.506608111953006812e-01,9.154445887996723666e-03,-1.066933512350360935e-01,-2.328140630235436478e-02
8.499677161491631106e-01,3.918738590401019475e-03,-9.652327970822029146e-02,-3.434024512727620188e-02
8.497205576327846455e-01,-2.495965837471040595e-03,-9.337784148168490339e-02,-4.238014015086154912e-02
8.502533499571847120e-01,-9.794777277696783274e-03,-8.459776000274424335e-02,-5.370182324403827145e-02
8.501900787591113451e-01,-1.375484357203391600e-02,-7.078232992905841847e-02,-6.147049224289761332e-02
8.500970925868899242e-01,-1.777171355647027065e-02,-6.189799582680415718e-02,-7.259398710618943096e-02
8.505189537266446553e-01,-2.000504335321760113e-02,-5.373508339338249618e-02,-8.214112471099457857e-02
8.503644345137019167e-01,-2.360862935237753590e-02,-4.318993527882902111e-02,-9.285394384648848476e-02
8.489682447106283725e-01,-2.248753859811184960e-02,-3.106883475327163607e-02,-1.013454070971977344e-01
8.496359955505755623e-01,-2.162221277624339424e-02,-2.284723599006294528e-02,-1.096640420064848853e-01
8.496708270179534894e-01,-2.148135013359617901e-02,-1.705471298459038457e-02,-1.204001688138620352e-01
8.504596713614586134e-01,-2.107124170416949799e-02,-9.101620943063725572e-03,-1.297916567952830669e-01
8.506916782852876890e-01,-1.932228922223232226e-02,-5.802988489766094243e-04,-1.412493493314601611e-01
8.513909493045500598e-01,-2.044693368168720368e-02,3.587661650867965228e-03,-1.529281073633667887e-01
8.513755502489295246e-01,-2.131080805784632895e-02,8.237016277946897919e-03,-1.681814130566621213e-01
8.517300904374726089e-01,-1.668216063233232682e-02,1.978571900485759372e-02,-1.777995115633422551e-01
8.517982281158316127e-01,-1.287108264669330725e-02,2.623680012985383017e-02,-1.899163443484359337e-01
8.517391052296123810e-01,-1.016405178140180297e-02,3.292599118124774071e-02,-2.007331886083537076e-01
8.520974233771266837e-01,-2.333570204138492223e-03,3.823346672397647666e-02,-2.102817836321899669e-01
8.524424740946107137e-01,5.494967661980540603e-03,4.606310019579412662e-02,-2.167811228792185518e-01
8.536224539371045639e-01,8.577494160726383335e-03,4.894388581739593513e-02,-2.273533464893556510e-01
8.534210188390547458e-01,1.442436950574555593e-02,5.131497367811550109e-02,-2.392229858018850297e-01
8.529911885560936824e-01,2.424235041619724612e-02,5.829230296980331127e-02,-2.464345915535556819e-01
8.537511756200142354e-01,3.073639455428403208e-02,6.484880694387236411e-02,-2.567761345109607629e-01
8.532996451939196536e-01,3.957049787605500940e-02,6.840853393852591724e-02,-2.673015772667042267e-01
8.522990108011597732e-01,4.939475200067461325e-02,7.599339040548581947e-02,-2.745391108009991310e-01
8.521651822963470790e-01,6.112346741649643533e-02,8.239081834459831277e-02,-2.798798852538817994e-01
8.522328217701496955e-01,7.074508459699986596e-02,8.330373648908004358e-02,-2.884433532949194912e-01
8.515787445041983483e-01,8.201044441302077215e-02,8.983198248954009368e-02,-2.952129546629186918e-01
8.526029489004999240e-01,9.449963312393591663e-02,9.818832372196212299e-02,-3.013005696567958025e-01
8.528391976665581353e-01,1.062813538278551129e-01,1.005844268889950627e-01,-3.104056826934980529e-01
8.545343442945377843e-01,1.160335972478086924e-01,1.074265267652968342e-01,-3.163095442531382862e-01
8.549866961363558060e-01,1.295504161116542152e-01,1.126054538747350148e-01,-3.210567534497067999e-01
8.562971056427064465e-01,1.432341018328514570e-01,1.143325163585546117e-01,-3.243716367761466102e-01
8.568860123700244857e-01,1.555004878149306990e-01,1.147495510937694418e-01,-3.271470468285122557e-01
8.565241919356314515e-01,1.688729347238752121e-01,1.141489402994704527e-01,-3.300785212352208564e-01
8.559274424801566195e-01,1.842610919286152005e-01,1.133141105875663385e-01,-3.345278453739843894e-01
8.559912125741512279e-01,1.968713826398990618e-01,1.121422858114757976e-01,-3.369375628347039409e-01
8.562663058533988014e-01,2.098734482921294775e-01,1.116833274091841993e-01,-3.427235967746875001e-01
8.548370933326874255e-01,2.214226440713091271e-01,1.043849739682999045e-01,-3.476259356730354022e-01
8.557679495780001755e-01,2.353626972032757669e-01,1.038161639976440953e-01,-3.480903156340323101e-01
8.550817618754840144e-01,2.512133049720731148e-01,1.033407921683325986e-01,-3.500766852276981367e-01
8.568340410216304104e-01,2.677690952630122911e-01,1.003914838943698040e-01,-3.506711911341663379e-01
8.566434349274072435e-01,2.830349914684386348e-01,9.599090837153126388e-02,-3.474844698737072912e-01
8.582897947726122467e-01,2.999615743242304844e-01,9.984685945319440870e-02,-3.443594136949547635e-01
8.582111168795596434e-01,3.164528158680054437e-01,9.711223063542602507e-02,-3.420724126291293521e-01
8.585710274729480007e-01,3.276088496760431457e-01,9.087116682786695876e-02,-3.382946717725444641e-01
8.576861796090471390e-01,3.424390046105824092e-01,9.007517781173075833e-02,-3.362414170904098332e-01
8.585730802745564771e-01,3.549661004226796757e-01,8.727112997632031910e-02,-3.330999547473973421e-01
8.587286949104300238e-01,3.668899591584405262e-01,7.758232248434648870e-02,-3.316115492798303865e-01
8.601925177473791484e-01,3.804564300694175949e-01,7.485055190733304331e-02,-3.261895366086442483e-01
8.612728432732087436e-01,3.951960319950146294e-01,6.799336347868097097e-02,-3.211221619559223028e-01
8.620985078480110086e-01,4.059888821503450651e-01,5.908485761120351593e-02,-3.152769489120502144e-01
8.610261022343995707e-01,4.184774225146068449e-01,5.425914361031001359e-02,-3.059536795346086135e-01
8.610660069958687712e-01,4.306649202113277397e-01,4.542392769494470184e-02,-2.971238047487688716e-01
8.610209126157749582e-01,4.361537165388906789e-01,3.592342127285928083e-02,-2.921571324648272738e-01
8.629571461419429657e-01,4.524674550002389939e-01,3.180124994995973953e-02,-2.855322244364894568e-01
8.638443632986950727e-01,4.673641536019928489e-01,2.690101603932953250e-02,-2.772079427687173525e-01
8.649627280286751319e-01,4.776095398983104534e-01,1.460177227371706014e-02,-2.726935043149595339e-01
8.651768017905627772e-01,4.902129253909100481e-01,1.461072670657307705e-02,-2.634761487111061395e-01
8.647641236424514766e-01,5.032867497303340487e-01,7.512075291482748531e-03,-2.554582079431705344e-01
8.636477337024562884e-01,5.068426505778959035e-01,-7.603310972775509727e-04,-2.444871106786183357e-01
8.638610800157325853e-01,5.123735568647656002e-01,-6.185786756764549872e-03,-2.335873213687279792e-01
8.642571503980590597e-01,5.185622399135985106e-01,-1.125055969815232440e-02,-2.234075133241848476e-01
8.647272398221061973e-01,5.211159038831689738e-01,-2.329568207175505834e-02,-2.167337450819794564e-01
8.654924191962551916e-01,5.273221283386924085e-01,-2.793671373151726534e-02,-2.069594353399568931e-01
8.656580801512396839e-01,5.320840746055249815e-01,-3.771344429993361835e-02,-1.962088411376920194e-01
8.658901019098130813e-01,5.331043450892344326e-01,-4.961130864711585375e-02,-1.891742200417957098e-01
8.663475604763388738e-01,5.375882271771130760e-01,-5.581764785034293297e-02,-1.782179288820448237e-01
8.673550823260526288e-01,5.398867558366707842e-01,-6.184154610101122440e-02,-1.677460389774416694e-01
8.678538003703076820e-01,5.401782459609703047e-01,-7.140498057982654079e-02,-1.569587806838595445e-01
8.673221526118420899e-01,5.405140184540341286e-01,-7.858682527660651451e-02,-1.497523000843374585e-01
8.671728995660191730e-01,5.418223476146024620e-01,-8.772426240884875770e-02,-1.398375254028087766e-01
8.665873525598697391e-01,5.399219471520847469e-01,-9.764776525326776535e-02,-1.296297966283226355e-01
8.654474466256895093e-01,5.403062933027847903e-01,-1.057350806720858405e-01,-1.190578983426358595e-01
8.644604190840640134e-01,5.391091709159473444e-01,-1.140139730299249143e-01,-1.065071216331436588e-01
8.655251699572023005e-01,5.374857938048668293e-01,-1.193414097216929093e-01,-9.276068095166339900e-02
8.644164871411230688e-01,5.355185449805228703e-01,-1.266743990756533378e-01,-7.863238905207281526e-02
8.643638065558425509e-01,5.320268164847299364e-01,-1.354018264302565000e-01,-7.005991692570505414e-02
8.642015819885453531e-01,5.270301599448180552e-01,-1.424769121658652216e-01,-5.805551401721642524e-02
8.655749832952142064e-01,5.230806735303994426e-01,-1.509630114061068784e-01,-4.824453443075416709e-02
8.650210176064799805e-01,5.151380631790817288e-01,-1.586615840925616194e-01,-4.114742333266135227e-02
8.660268088307035983e-01,5.081779109586769261e-01,-1.641986564522270042e-01,-3.332685909095800536e-02
8.653967203937340535e-01,5.020869920948585197e-01,-1.684201326717627845e-01,-2.187669816254000921e-02
8.662221865557629963e-01,4.950809434966847444e-01,-1.759459856973362435e-01,-9.351014862053383045e-03
8.640276093965573168e-01,4.854923133403171720e-01,-1.808286318240841795e-01,1.167347030389502766e-03
8.642216171079560860e-01,4.776965815447740127e-01,-1.815505825249627836e-01,1.349261208021530767e-02
8.640836189218685792e-01,4.670611406698534362e-01,-1.846459541243496150e-01,2.230508128756406722e-02
8.633291885409528632e-01,4.557503290512244787e-01,-1.899456318606142502e-01,3.084413544053906178e-02
8.628422543158545954e-01,4.445150310508985125e-01,-1.962597952870084039e-01,3.709322439776378127e-02
8.637531541162656312e-01,4.339850867875931217e-01,-1.995931234671041443e-01,4.301867447444223530e-02
8.639934410106587803e-01,4.212280385584283304e-01,-2.064945402422453946e-01,4.736798333411666728e-02
8.635152387596876089e-01,4.070362382674784230e-01,-2.114359962966238515e-01,5.227309757930805739e-02
8.644319221604037651e-01,3.959992211405068963e-01,-2.102104236520738467e-01,5.943218223796904731e-02
8.627412571274477582e-01,3.832502645404783914e-01,-2.101480560953487842e-01,6.254961008835441261e-02
8.617050973577067285e-01,3.708840964704751553e-01,-2.109168130055951162e-01,6.785304553983745324e-02
8.608279405629715164e-01,3.593643846748145187e-01,-2.127739977644781122e-01,7.228164918857606092e-02
8.600922045677851235e-01,3.482978971963609505e-01,-2.131740017087270511e-01,7.890279926457623161e-02
8.583553942254571467e-01,3.328264265125056576e-01,-2.162808267685777663e-01,8.021527016581299352e-02
8.589603650184620687e-01,3.208715421872837537e-01,-2.127515433256083055e-01,8.458458735275926899e-02
8.594786609037788905e-01,3.052833535253482999e-01,-2.122434417979089383e-01,8.557452016266971218e-02
8.586980130369232800e-01,2.903837315739139502e-01,-2.116052816170423123e-01,8.623671710323095596e-02
8.592864100048309695e-01,2.769119383355664321e-01,-2.055891329906691378e-01,8.670361933901581108e-02
8.599803265359092785e-01,2.640483400147684567e-01,-2.045900777474295995e-01,8.880499670628290432e-02
8.593974332909808389e-01,2.500923088495976554e-01,-2.061418655323642990e-01,8.689149293982503797e-02
8.590907611098081986e-01,2.393701984816324624e-01,-2.028946214949828852e-01,8.568831867687058679e-02
8.585446677058793385e-01,2.244210025584408852e-01,-2.034385037775319760e-01,8.740245297180967987e-02
8.574514896851107570e-01,2.131978776782887663e-01,-2.032552177662475257e-01,8.594891590388178959e-02
8.574512924236072919e-01,1.994795926153696553e-01,-1.993637221958728944e-01,8.255370531863986949e-02
8.572724099099038320e-01,1.837360283843503528e-01,-1.979576976395761856e-01,7.903726369485614134e-02
8.575093358770151664e-01,1.687612666803962880e-01,-1.930949868126455304e-01,7.762705437381024753e-02
8.577459791277658452e-01,1.574140369580500354e-01,-1.856490904017994714e-01,7.094020671222636687e-02
8.576530031316373925e-01,1.410797056358518986e-01,-1.876869968875937156e-01,6.376950938297318294e-02
8.568727045261812503e-01,1.297103334566257760e-01,-1.833549884690142406e-01,6.076199672843966837e-02
8.558561916579402462e-01,1.192990483083391368e-01,-1.759487324178507783e-01,5.589957724039322506e-02
8.538207113356612865e-01,1.078688149819344300e-01,-1.732143033320530379e-01,5.056755022694893464e-02
8.527857330069384956e-01,9.797152081882284924e-02,-1.658703794956825905e-01,4.744887154412164021e-02
8.522185924370467847e-01,8.802333362021963481e-02,-1.573527736168718327e-01,4.349197556672008275e-02
8.522844395223886371e-01,7.489950821345348064e-02,-1.523769561293472907e-01,3.366035026924002471e-02
8.524037911348957275e-01,6.438360509285705191e-02,-1.445987209189295575e-01,2.527945171659277956e-02
8.528345163138292273e-01,5.441449788133208287e-02,-1.392313011844939219e-01,1.672098335743964215e-02
8.518215494751322225e-01,4.238940491621437379e-02,-1.340563945169445936e-01,7.385040351147208366e-03
8.522135533727263068e-01,3.329696328630708108e-02,-1.235312226939647984e-01,1.451300599079499969e-03
8.512667644298896885e-01,2.696253093157927744e-02,-1.155694734291606990e-01,-5.925661030911526413e-03
8.522076734108725571e-01,1.836749086951869336e-02,-1.136611578480141715e-01,-1.060553090744500646e-02
8.518183784546496939e-01,1.141151204264572068e-02,-1.060004767004019133e-01,-2.074949885283648709e-02
8.525628830213836107e-01,6.356451369434481212e-03,-9.728062126467365567e-02,-2.801883712127762119e-02
8.513269277049180239e-01,-1.399499281025539006e-03,-9.325845570721282007e-02,-4.135898373096716374e-02
8.516049545364368090e-01,-7.412234485159542065e-03,-8.671923167362481644e-02,-5.087003751586498257e-02
8.511270965071829897e-01,-1.046318736285529322e-02,-7.293561033236249658e-02,-6.098833832149355011e-02
8.503212327745161003e-01,-1.843014679220925794e-02,-6.621320600802643730e-02,-6.753013251666227512e-02
8.497919452774200799e-01,-2.540986275798882629e-02,-5.991055283377384744e-02,-7.893666672130086881e-02
8.495565918301559716e-01,-2.464225512727450523e-02,-5.061234099556005672e-02,-8.778334615096537730e-02
8.487666971044183217e-01,-2.688437116415662992e-02,-4.305116800587262260e-02,-9.697914510087204953e-02
8.480245112184316980e-01,-2.801488622396192466e-02,-3.727641269639928728e-02,-1.088853769128254323e-01
8.479844070389647159e-01,-2.406052328844549698e-02,-2.565722468793458361e-02,-1.197349931745464585e-01
8.471887671489335414e-01,-2.143102213554884394e-02,-1.881194581241606850e-02,-1.335674961029943986e-01
8.472194806231387876e-01,-2.337219298707237172e-02,-1.443503782554844336e-02,-1.437926806802262147e-01
8.481293455906666612e-01,-2.292286109199205904e-02,-5.705189172086518046e-03,-1.563646457638822318e-01
8.481318401972252063e-01,-2.158023401892410903e-02,2.223089132486505849e-03,-1.662453695394957576e-01
8.484816163444878212e-01,-2.110952691203144688e-02,8.102865574726189277e-03,-1.782343271065212897e-01
8.487831455942064229e-01,-1.702242267236090192e-02,1.353090585370261313e-02,-1.847309501520140174e-01
8.492743045338518870e-01,-1.399906929986423701e-02,2.208517211319680276e-02,-1.971176510222422684e-01
8.483277033566285485e-01,-9.481000660687827208e-03,2.512024327963319550e-02,-2.089951520958879261e-01
8.487961420251293188e-01,-5.726026518155586525e-03,3.427657742908964134e-02,-2.202942027538148939e-01
8.497700769178838653e-01,1.905431235894703475e-03,4.139606087511608912e-02,-2.277709436903805063e-01
8.505708262140067033e-01,8.398329271063825416e-03,4.761478081877484891e-02,-2.378828396623999808e-01
8.505491511774395663e-01,1.683289821018373739e-02,5.489269049896204622e-02,-2.459593217352691319e-01
8.511827395051950740e-01,2.865604166899029387e-02,6.564803884000360024e-02,-2.531611583434601465e-01
8.522122727733464354e-01,3.925669931323793466e-02,7.082812289951445628e-02,-2.601655430361820565e-01
8.526097579417244443e-01,4.760637032571548438e-02,7.515346090628688414e-02,-2.668620923495724773e-01
8.527002292456504762e-01,5.781268790658054130e-02,8.124114796288513241e-02,-2.753034106272607140e-01
8.537257640028816930e-01,6.926099158312851167e-02,8.766859108146965451e-02,-2.846412890407014618e-01
8.539612674844471174e-01,7.672707480309373662e-02,9.179958196601004095e-02,-2.882089986720647867e-01
8.524762649306849571e-01,8.374395345684945702e-02,8.961620301933713451e-02,-2.975208598961353035e-01
8.524360033664960534e-01,9.503148616461189191e-02,9.245262549891970771e-02,-3.086427106377930274e-01
8.521061485658240064e-01,1.060220780104691174e-01,9.525984936894277277e-02,-3.137527479243951700e-01
8.527058175605370938e-01,1.164514834198355497e-01,9.997255473891998589e-02,-3.172411309576422811e-01
8.531090111434797008e-01,1.305584003424818118e-01,1.007511345069223574e-01,-3.262381110755517288e-01
8.535326509260698913e-01,1.449791481296232865e-01,1.013978117156060232e-01,-3.295947860239705207e-01
8.542753304947244830e-01,1.566036009837036280e-01,1.030976877305601058e-01,-3.338391059703668118e-01
8.560476031310241263e-01,1.711420705199749870e-01,1.074716193529001163e-01,-3.363798689494511551e-01
8.551119912907885201e-01,1.836310637275224977e-01,1.012668066409741635e-01,-3.387395448575870605e-01
8.555276291376877618e-01,1.970670523385172346e-01,1.026910805950367322e-01,-3.407196214172592552e-01
8.564736604143642351e-01,2.135274160490467643e-01,1.056004084842066260e-01,-3.411953921191355765e-01
8.561877192746637499e-01,2.278288369183214535e-01,1.008296819537073813e-01,-3.431005555152107922e-01
8.563801159838553279e-01,2.405946872804341219e-01,9.835722377587133303e-02,-3.472874757547714797e-01
8.576897019334561723e-01,2.567332710504540705e-01,9.925772790861774053e-02,-3.500431279202540491e-01
8.586056647772890571e-01,2.718608001132052920e-01,9.646835335976811088e-02,-3.502383448245033337e-01
8.595092005070475993e-01,2.864858630440778042e-01,9.503593037955032630e-02,-3.508353253998566235e-01
8.592812001860766769e-01,3.036538207686328428e-01,9.391742616196215032e-02,-3.483225883766191688e-01
8.595699871206944342e-01,3.177082084856740485e-01,9.246977149285459663e-02,-3.449986721838559367e-01
8.596365993461113630e-01,3.309994133964705987e-01,8.827670137658204241e-02,-3.410540465944328359e-01
8.596199311335146476e-01,3.445180119236735394e-01,8.318465224537915925e-02,-3.369940371805486001e-01
8.599021782942269931e-01,3.562854320224655980e-01,7.789746488958060322e-02,-3.344797292214112816e-01
8.610220133217040273e-01,3.690606051079677319e-01,7.598389095343385802e-02,-3.298738594146849445e-01
8.608640576212142070e-01,3.828761408377310826e-01,6.463334142515726743e-02,-3.275449544582113570e-01
8.607092282245851766e-01,3.984985658325975733e-01,5.951568922766320435e-02,-3.208279065623223514e-01
8.616422276971917871e-01,4.102636588328357203e-01,5.686353535703848883e-02,-3.147189909918338135e-01
8.612099677666533726e-01,4.224529790000142171e-01,5.104588666032301020e-02,-3.055361025035081002e-01
8.610736302086046123e-01,4.335433462200969368e-01,4.288365167343788364e-02,-3.002815813203025264e-01
8.615791427962057325e-01,4.462269616997431299e-01,3.913109804960008403e-02,-2.925415456449391161e-01
8.630742212696713711e-01,4.564832901813037358e-01,3.129207031440021936e-02,-2.859486393377056457e-01
8.632617058040702451e-01,4.662930000339655101e-01,2.088137231262593430e-02,-2.780188288499449434e-01
8.644149080713147137e-01,4.771908089177084866e-01,1.559354013035439690e-02,-2.702332675690902186e-01
8.648240482512089544e-01,4.853784035809899922e-01,8.460108156891641210e-03,-2.636280319949693141e-01
8.654549233646643414e-01,4.905300363486551629e-01,-1.354919134834487110e-03,-2.535002121612958681e-01
8.648669965664967929e-01,4.988995411327292739e-01,-7.513751393906982490e-03,-2.435157241892650648e-01
8.647056499700678245e-01,5.085135208419960806e-01,-1.009799285979455161e-02,-2.338130460118361398e-01
8.650887825649226093e-01,5.132791372284353226e-01,-1.743587415011634001e-02,-2.241023053454683223e-01
8.653313692676716240e-01,5.195048753610288506e-01,-2.696858763173086079e-02,-2.101688458043811658e-01
8.659215361888167317e-01,5.281174276227186271e-01,-3.179695926568768677e-02,-2.017554995839713761e-01
8.661332381561475113e-01,5.340276974432850432e-01,-3.942903282145390764e-02,-1.927338752506517761e-01
8.656046204561911317e-01,5.377068482109368386e-01,-5.165807949193240017e-02,-1.842866367309639597e-01
8.652782948804229601e-01,5.425276349212230231e-01,-6.181373315933390289e-02,-1.748114171014671092e-01
8.654807650494730220e-01,5.461498553479001705e-01,-6.789168703334630406e-02,-1.657218080946951111e-01
8.650411223219321988e-01,5.457117205156614137e-01,-7.786213912819399396e-02,-1.546299970958181502e-01
8.651171623278254286e-01,5.450149941140167709e-01,-8.677681339012530137e-02,-1.430153848658816396e-01
8.650481385296909798e-01,5.423275706800360085e-01,-9.450659229565572250e-02,-1.301286221386016573e-01
8.654173819477084528e-01,5.404720399088692728e-01,-1.046809282638778565e-01,-1.209879797133417423e-01
8.652157483739399968e-01,5.381501025094006518e-01,-1.097195245004542186e-01,-1.114178074565505550e-01
8.648536800054683615e-01,5.383929744480888679e-01,-1.161213329144551443e-01,-9.710313281245867845e-02
8.642643324941922112e-01,5.353199247015072437e-01,-1.254331612888534564e-01,-8.720588145851497497e-02
8.636399659809650409e-01,5.328483330374520488e-01,-1.322061226890518526e-01,-7.677097908989913289e-02
8.619651155080774174e-01,5.309461242334437836e-01,-1.373976875821212029e-01,-6.570993420803879215e-02
8.614712665247109546e-01,5.235436533231628831e-01,-1.475009918127852260e-01,-5.506848001734190173e-02
8.611274549642627951e-01,5.170890200515626534e-01,-1.513966356510230982e-01,-4.517695257719888530e-02
8.614249109510226932e-01,5.100969832856036001e-01,-1.526054828404364294e-01,-3.680559017584703052e-02
8.616802830139114189e-01,5.016493368770795769e-01,-1.596616608859084130e-01,-3.056798195752906053e-02
8.627323131486638319e-01,4.920281948303540931e-01,-1.639815084766887976e-01,-2.004956623997819487e-02
8.634654186937671394e-01,4.892973472991362649e-01,-1.679015187277514143e-01,-8.455267897273986699e-03
8.638485199284468008e-01,4.823497884100388933e-01,-1.783941504669459832e-01,2.425629136971332389e-04
8.640291948739412531e-01,4.746641888121527764e-01,-1.862258970539020231e-01,9.403569961033031444e-03
8.660597980538539131e-01,4.669947437889173103e-01,-1.914618742567222587e-01,1.991882746964026771e-02
8.655663099767377799e-01,4.574334486128923127e-01,-1.967956165381223033e-01,2.734125267913205259e-02
8.645468913976925851e-01,4.446194203150454216e-01,-1.999622005222469190e-01,3.165992757788244766e-02
8.639458251899745367e-01,4.300384822609319424e-01,-2.039509889031377310e-01,3.622069898523052472e-02
8.642707012548886958e-01,4.181783607678108972e-01,-2.058358025734760566e-01,4.611247869923075504e-02
8.633406986404712491e-01,4.061130107467931794e-01,-2.079586525834284383e-01,5.475478466778978953e-02
8.628112496386426411e-01,3.944060472388527527e-01,-2.136400483432052133e-01,6.183828702636455510e-02
8.628941056827120759e-01,3.823472406555618597e-01,-2.190434219725856391e-01,6.844288307044323061e-02
8.617663412191172156e-01,3.708111565872801441e-01,-2.190028139667952456e-01,7.351971970453798078e-02
8.604591137054337091e-01,3.563104278037140249e-01,-2.199204319518532902e-01,7.496212263434968992e-02
8.599554134565190466e-01,3.439751552437244619e-01,-2.191084074499843604e-01,7.608856716211942484e-02
8.596098362797970349e-01,3.295706824916074806e-01,-2.178960845325530471e-01,7.806694559305953074e-02
8.597084047681217145e-01,3.152825232552711743e-01,-2.188860854863704242e-01,8.083017545572182549e-02
8.598584042354128210e-01,3.030626370308338036e-01,-2.177888186236971724e-01,8.540674485212033928e-02
8.603588658915540810e-01,2.904641720470080846e-01,-2.158047461789412147e-01,8.461792742154396196e-02
8.599154338105149398e-01,2.756806135941062830e-01,-2.153785979823408803e-01,8.772796259090215321e-02
8.591826453116760964e-01,2.605627939169016805e-01,-2.129534861359779763e-01,8.671325734368701132e-02
8.585249923462304755e-01,2.503057729799400000e-01,-2.078957262470953749e-01,9.184565123835772282e-02
8.584461756258346954e-01,2.367343502056087345e-01,-2.053738856312356809e-01,8.954445602377528179e-02
8.576031343209813418e-01,2.206699767825727743e-01,-2.085728688797739427e-01,9.151995652187246144e-02
8.574779060262878172e-01,2.077545082792068287e-01,-2.059009188955641390e-01,8.881332205086103770e-02
8.577177333698284833e-01,1.939601016428725011e-01,-2.043352318527396905e-01,9.049565970543334281e-02
8.573238209988512937e-01,1.782087934139165719e-01,-2.011533643618023115e-01,8.349920378639970331e-02
8.573384870260857271e-01,1.646549466937560768e-01,-1.971508544172258515e-01,8.004793924165119756e-02
8.564890547400090259e-01,1.530554665268877290e-01,-1.930319242329582852e-01,7.574975661347894962e-02
8.561237403964412351e-01,1.410885021423018970e-01,-1.877319261412687679e-01,7.118998337014839639e-02
8.552518122576580062e-01,1.320329273305043960e-01,-1.790181789212789698e-01,6.751574817506568460e-02
8.546867692154708207e-01,1.181406261486979414e-01,-1.731490740346998125e-01,6.138968675408867232e-02
8.552085720421186421e-01,1.059136274586560122e-01,-1.669856915555040788e-01,5.493659148739635234e-02
8.553635323684414260e-01,9.565294848218615364e-02,-1.595462588506032231e-01,4.834919599466927509e-02
8.536129626222205280e-01,8.202772083702804251e-02,-1.556552387872650045e-01,4.053332231946252251e-02
8.542476921815188584e-01,6.977239284485650672e-02,-1.498766753694867615e-01,3.134718021376127484e-02
8.538019192176552474e-01,6.097554861779762997e-02,-1.468700381310966974e-01,2.618995359905168865e-02
8.525353902106737047e-01,5.068850662150104630e-02,-1.420152253996246616e-01,2.060466782242532588e-02
8.519910168405621098e-01,3.986362327795714422e-02,-1.357502388678866190e-01,1.278143470289542886e-02
8.515276263024824654e-01,3.176464242944232463e-02,-1.290976646656609717e-01,5.251451882903039603e-03
8.494427169998719496e-01,2.268118410603453539e-02,-1.251850333908532120e-01,-6.030224107574602699e-03
8.490895513326059962e-01,1.390821296372718972e-02,-1.151284746177799329e-01,-1.800803420949249195e-02
8.498044624361408284e-01,7.061830926784961118e-03,-1.057835757867948701e-01,-2.515247158326088320e-02
8.498961014754866650e-01,6.878890083184771055e-04,-9.607450974474464334e-02,-3.455134862651591809e-02
8.501549840840059158e-01,-5.491242684096103895e-03,-9.081553758862588588e-02,-4.588980968888458495e-02
8.519023861994908797e-01,-8.854473820906472864e-03,-8.245392949017614492e-02,-5.327306120017575447e-02
8.516952519193380367e-01,-1.152189285554433215e-02,-7.825935601030459265e-02,-6.085510877089289616e-02
8.502307151298954535e-01,-1.685471799676112672e-02,-7.169963983582894329e-02,-7.479558304405545255e-02
8.506605879939258541e-01,-1.975559044523864105e-02,-6.366078732333919910e-02,-8.518318468656932430e-02
8.509871870287016860e-01,-2.367061318119915297e-02,-5.545593696806982997e-02,-9.196382895059442009e-02
8.506069549030601529e-01,-2.564046646899023618e-02,-4.579545158162130064e-02,-1.016409371834158387e-01
8.507799713770587413e-01,-2.723157151373787818e-02,-3.515036502609018843e-02,-1.137341025162806607e-01
8.507786262924974530e-01,-2.625169908815499706e-02,-2.899689274011870571e-02,-1.218509997108345594e-01
8.494866641637442983e-01,-2.788717458525470996e-02,-2.176264358897943285e-02,-1.335807684733568979e-01
8.488024815888245422e-01,-2.263459091429240871e-02,-1.038046195218950835e-02,-1.442966294704620678e-01
8.483130346997979077e-01,-2.410483809962139096e-02,-4.242724498530013946e-03,-1.536274234894610957e-01
8.486243633187710023e-01,-2.594057466253631497e-02,1.943526918692471380e-03,-1.648163468461229242e-01
8.483541342232725491e-01,-2.325682192381315835e-02,1.089302102774284721e-02,-1.744507510102663306e-01
8.481980399560233863e-01,-1.753864224241191705e-02,1.698529415786344948e-02,-1.841639973107313810e-01
8.491825340320724447e-01,-1.582557610337547577e-02,2.574521104781893679e-02,-1.939609055532782178e-01
8.499565933501104231e-01,-6.347403472201140762e-03,3.636414964266643929e-02,-2.067843385320392302e-01
8.500528489909169316e-01,9.837074909489647561e-04,4.552667347001092962e-02,-2.156126383381468947e-01
8.516074964435261796e-01,4.809083012894476740e-03,5.269502016239478032e-02,-2.290665927547316794e-01
8.522776643026216403e-01,1.089996418716595271e-02,6.100948687206911997e-02,-2.386954842518951569e-01
8.516340134926718708e-01,1.967335515624362569e-02,6.565910079972320235e-02,-2.491553834015084734e-01
8.520362420123526181e-01,2.461057347979050958e-02,6.751689687548594054e-02,-2.586511632731382515e-01
8.527236710956643817e-01,3.406664083495498929e-02,7.001550123221694788e-02,-2.678295645411021830e-01
8.516058108242241520e-01,4.478384370547366933e-02,7.418265118104290512e-02,-2.751440212741787517e-01
8.517553484787083740e-01,5.455026177944038990e-02,7.658764648538105013e-02,-2.828520446415589418e-01
8.532610902817103771e-01,6.488210782179879010e-02,8.246817017837017316e-02,-2.889135524113602416e-01
8.527934693172756209e-01,7.405293968883484845e-02,8.927464405994256502e-02,-2.964404761031412261e-01
8.520051218032104190e-01,8.596136064342796423e-02,9.367461087118943153e-02,-2.985314795859767556e-01
8.516820177550428195e-01,9.712254189079151667e-02,9.882331425433570071e-02,-3.036005866692677024e-01
8.525582133351450320e-01,1.100374591011831493e-01,1.030602261385408641e-01,-3.114754887774580649e-01
8.531187408255151983e-01,1.233082344643211953e-01,1.033937138121980570e-01,-3.222133205861761884e-01
8.546617149382538248e-01,1.388883730492794233e-01,1.061019068243284902e-01,-3.284479650034820564e-01
8.559555268514617010e-01,1.508341768499984747e-01,1.104685102246037720e-01,-3.364060628815545018e-01
8.576498102984834171e-01,1.654360007864625892e-01,1.129415342736774797e-01,-3.387887713636969500e-01
8.582037658157781745e-01,1.799065789284498285e-01,1.160483272479808092e-01,-3.391094382793362061e-01
8.570633670895998479e-01,1.920652979000096461e-01,1.168907666769343351e-01,-3.405362060962721649e-01
8.567158027933373665e-01,2.077219494265415967e-01,1.146181074061398963e-01,-3.409906845655957808e-01
8.570848276016270750e-01,2.220839027403369026e-01,1.100771211687816692e-01,-3.426696253530232550e-01
8.578717580456749481e-01,2.359517157421061051e-01,1.054395632298586183e-01,-3.458069506277755556e-01
8.581699112966877374e-01,2.488950950539835505e-01,1.043004500640507398e-01,-3.463358783744630021e-01
8.596697992757904583e-01,2.657797380815780097e-01,1.020608739811231791e-01,-3.465049077651911058e-01
8.608507485063562337e-01,2.790576286028226827e-01,1.004038060087562440e-01,-3.445958230561445013e-01
8.606936764093610082e-01,2.946939536096859213e-01,9.986798422331792657e-02,-3.444484645515788479e-01
8.610129262029679875e-01,3.086309428212212769e-01,9.905555954312114664e-02,-3.434526360512530907e-01
8.602917877560352089e-01,3.233525188063430256e-01,9.125326058357959014e-02,-3.426794939976846588e-01
8.604249840118087800e-01,3.356073576896999033e-01,8.483721108436581559e-02,-3.394633115137100088e-01
8.590776656606590178e-01,3.488637184148097314e-01,8.093366115980742126e-02,-3.372057121995865048e-01
8.595549953280191557e-01,3.598208726742033736e-01,7.509128213376069227e-02,-3.361131315827004529e-01
8.605075957449921376e-01,3.738278321025363393e-01,6.693145364484608117e-02,-3.350697788008886735e-01
8.623306430100101672e-01,3.862063850706223267e-01,6.151681999423169733e-02,-3.301818450943695415e-01
8.626420839960308173e-01,3.996084716793945613e-01,5.543150273078922136e-02,-3.233225059226977338e-01
8.641824186479220016e-01,4.102936174941129166e-01,4.908125273381321041e-02,-3.186482328923198604e-01
8.646670339901734170e-01,4.242644035716987005e-01,4.545138454986728110e-02,-3.094754415538314429e-01
8.644191442120628954e-01,4.351301554154886064e-01,4.421832748001638946e-02,-2.988181631948507166e-01
8.646004627758466787e-01,4.478694064082713866e-01,3.930521503292699892e-02,-2.905505738830898022e-01
8.649533871840096033e-01,4.575560767963812170e-01,3.677725195005615566e-02,-2.827325001604116261e-01
8.654666825443539935e-01,4.708487872688252307e-01,3.125498775846508731e-02,-2.731473455215637225e-01
8.659012719588348173e-01,4.814105462339358654e-01,2.254388529683944847e-02,-2.650147699567846349e-01
8.657142071750603129e-01,4.932045291953137678e-01,1.223307420567361706e-02,-2.561929090552679256e-01
8.646852649374453526e-01,5.018804674231402974e-01,7.700540650682419913e-03,-2.474712281180404816e-01
8.646247476220062511e-01,5.089968000983153829e-01,-2.130947912412642191e-03,-2.385943402759741483e-01
8.646159637208891136e-01,5.144338789718935212e-01,-1.147023425417498937e-02,-2.282530056084506043e-01
8.644741684632557543e-01,5.194984306638099625e-01,-2.050832662180795962e-02,-2.211398577943969046e-01
8.649257117162444386e-01,5.240075710371113749e-01,-2.680359294042328547e-02,-2.146869182190271619e-01
8.657234825428171687e-01,5.283869302356134501e-01,-3.820860650410595055e-02,-2.036507587801435482e-01
8.659909989383061113e-01,5.327668869887803860e-01,-4.887639679810198284e-02,-1.949851707356110020e-01
8.658638714002762082e-01,5.359833478181529332e-01,-5.822772510475148627e-02,-1.874414656316016059e-01
8.658223863753431448e-01,5.401525712067016816e-01,-6.349145302334369134e-02,-1.729032933726196153e-01
8.655056407342185398e-01,5.415141996974641714e-01,-7.735108032402457368e-02,-1.605502866537042161e-01
8.659121408151356780e-01,5.399979679743610594e-01,-8.677054157127943312e-02,-1.506205423991056058e-01
8.663684777373513723e-01,5.421784742983878358e-01,-9.003112876152444266e-02,-1.388441714602035859e-01
8.668884185634561090e-01,5.430172604987449914e-01,-9.832361291575980600e-02,-1.257403055842470918e-01
8.668217835735934074e-01,5.409603690331035164e-01,-1.108855591284697156e-01,-1.168112032428978014e-01
8.676388784675963528e-01,5.387011177427702968e-01,-1.166204231050638335e-01,-1.067765829576239195e-01
8.678942964522672332e-01,5.387244466606280202e-01,-1.243387175008160567e-01,-9.784051098276767833e-02
8.680044311850191319e-01,5.367074246548795280e-01,-1.316483183421551795e-01,-8.504232588016842620e-02
8.671040353283584468e-01,5.343506004620358629e-01,-1.365678357551817768e-01,-7.507586297310189782e-02
8.686004642087407079e-01,5.297507732662005697e-01,-1.420970366186971590e-01,-6.446033117129400247e-02
8.669333065602535804e-01,5.261736312110520952e-01,-1.465850712951857204e-01,-5.194612340976588472e-02
8.664245605891397473e-01,5.183012297764247878e-01,-1.503328145008749894e-01,-4.183127144358472771e-02
8.655822451545837071e-01,5.093254899672519098e-01,-1.600150249737592734e-01,-3.360572880015579023e-02
8.658967240355596173e-01,5.024516837593727692e-01,-1.660615403171786797e-01,-2.412506347348254698e-02
8.650140225495748236e-01,4.951795787312250341e-01,-1.688915651705497900e-01,-1.584195451170857666e-02
8.654069439633966798e-01,4.850777109269400755e-01,-1.764781871017024606e-01,-7.884911889188089135e-03
8.652167449087555529e-01,4.796237030527002454e-01,-1.814532671050083090e-01,9.629810226702930666e-04
8.652521811803826068e-01,4.688460357354574670e-01,-1.864752870509019944e-01,9.599377001770983617e-03
8.647362680195093132e-01,4.548145327639331881e-01,-1.941221225568947606e-01,1.896526864656343167e-02
8.635236074138811224e-01,4.455888451192733246e-01,-2.015574842970671576e-01,2.926925325146941675e-02
8.625004259185672373e-01,4.324255477346467536e-01,-2.090296163881341096e-01,3.506871942143242882e-02
8.619071449978752408e-01,4.189175232200291199e-01,-2.163063339443761224e-01,4.285442166528498353e-02
8.609604706366850158e-01,4.096275173035058836e-01,-2.188171888578621660e-01,4.843760075424023703e-02
8.600232672681759061e-01,4.003094577294056267e-01,-2.214584301551449919e-01,5.275472347284142216e-02
8.602987552076291067e-01,3.857081738453868591e-01,-2.214895469289734353e-01,5.501842308029464973e-02
8.610147573175251923e-01,3.772574366129070600e-01,-2.195113738420148841e-01,6.226170283035904057e-02
8.604235726718043598e-01,3.639073541788219734e-01,-2.201213196527289917e-01,6.546162524440170272e-02
8.604134075857340358e-01,3.495634569996043939e-01,-2.219534748402463564e-01,6.785565346055519309e-02
8.597395055624887927e-01,3.347574634433183594e-01,-2.209285355067477086e-01,7.070757880089335867e-02
8.593485773834368402e-01,3.231389508808399369e-01,-2.217900666152387290e-01,7.716594130494264236e-02
8.595367199116137336e-01,3.060221133953190953e-01,-2.229526300520194015e-01,7.618605194270949843e-02
8.590037867352660061e-01,2.901857413407245567e-01,-2.238573029275690018e-01,7.959632109553951840e-02
8.591757256014641575e-01,2.774907394160666119e-01,-2.216141220862068717e-01,8.235912647357858385e-02
8.594204420856963456e-01,2.642842231531923880e-01,-2.196786272713144028e-01,8.318903687345413633e-02
8.585183750798940361e-01,2.498847867216637542e-01,-2.181398094701989809e-01,8.168378751594508602e-02
8.582833396413549476e-01,2.381151155763533422e-01,-2.110055666393528262e-01,8.430437063600616787e-02
8.582673221579324441e-01,2.279383599880052957e-01,-2.084228531622276115e-01,8.506209638729629596e-02
8.579033622509547596e-01,2.129687329087558423e-01,-2.046447295017703172e-01,8.161420636405099238e-02
8.574009446505387322e-01,2.009269655497199769e-01,-2.003505368510427598e-01,7.965902573072311532e-02
8.567739656153569028e-01,1.880286121259924226e-01,-1.949532482303965863e-01,7.885390663124652866e-02
8.559279851753464063e-01,1.770479951715143718e-01,-1.926324541945424740e-01,7.588956042780349576e-02
8.552464859332633562e-01,1.626004418470914925e-01,-1.874466795706600242e-01,7.082668429188279657e-02
8.548310307986952683e-01,1.511031494884009230e-01,-1.851332400927168387e-01,7.055204387550226275e-02
8.554429666806885324e-01,1.366236667504352464e-01,-1.810297091527675317e-01,6.887883644164682906e-02
8.567111398935116640e-01,1.215097186761596726e-01,-1.806581789657947801e-01,6.145176888352090611e-02
8.560418522568997712e-01,1.050032308466126163e-01,-1.774757607909529522e-01,5.475196110651985720e-02
8.561585279876295917e-01,9.374786343329867544e-02,-1.714829240161935275e-01,4.612752123378047880e-02
8.563613286473854558e-01,8.227852866635762541e-02,-1.617477713317988786e-01,3.856888014573788687e-02
8.550237510901513849e-01,7.045417902183317982e-02,-1.594977329218736639e-01,2.946888601474983646e-02
8.534270354381027213e-01,6.241245455149201787e-02,-1.520715893221636084e-01,2.581377602770350971e-02
8.533402751183845059e-01,5.883320383786132257e-02,-1.460354691997786114e-01,2.123218625225253148e-02
8.532043794065630182e-01,4.886946594368080793e-02,-1.400653509828440335e-01,1.561470969320429697e-02
8.514084664470560337e-01,3.756750890400144954e-02,-1.373189670653580385e-01,7.267771672363960642e-03
8.508752655029547807e-01,2.834049673526537610e-02,-1.284295812136375947e-01,-1.939502218955830746e-03
8.508266024577147979e-01,1.985548749916054775e-02,-1.209963991589183968e-01,-1.373787319715697938e-02
8.502271485241396087e-01,9.735753984485206666e-03,-1.132513241403102083e-01,-2.411323291701879951e-02
8.493355553443757699e-01,4.852197423650709066e-03,-1.006986229311452874e-01,-3.376919484534805088e-02
8.506635209235466899e-01,1.314566216870948585e-03,-9.013540487728242956e-02,-4.263400157185068262e-02
8.504821182788157019e-01,-2.194509655868337374e-04,-8.161972504691804298e-02,-5.122438762359050185e-02
8.494853403341190434e-01,-5.125296128571069261e-03,-7.389744133070444421e-02,-6.103760245910792165e-02
8.486610937975118674e-01,-1.238274153032397663e-02,-6.462603117732218516e-02,-6.912798526057568893e-02
8.489344995074113998e-01,-1.477268900151663435e-02,-5.811441978551194071e-02,-7.563729030262757169e-02
8.483104287340876848e-01,-1.903633093754023356e-02,-5.019173813741194257e-02,-8.637041430060962699e-02
8.490895604166479593e-01,-2.305888055042238857e-02,-4.083490590655301095e-02,-9.608572789908242928e-02
8.507777686626116775e-01,-2.305915813888736315e-02,-3.051752746164773655e-02,-1.039361712252884623e-01
8.517511925556613406e-01,-2.201868027955085350e-02,-2.469093911421747084e-02,-1.165566451297816580e-01
8.514451235233289061e-01,-2.394260848672673941e-02,-1.910772842983286812e-02,-1.294450922873765231e-01
8.517479222842048170e-01,-2.088193226484244547e-02,-8.065898158401836951e-03,-1.379764682739554049e-01
8.516047923724739954e-01,-1.824473647711238183e-02,-3.561410761833644877e-03,-1.472067262877936877e-01
8.507763884156857026e-01,-1.658559637712068643e-02,1.444813582680811240e-03,-1.587533639810616293e-01
8.509887595825910145e-01,-1.213645162588814289e-02,9.191032634535604637e-03,-1.690773328993769309e-01
8.517606683746399288e-01,-9.204493776834439880e-03,1.618298679440429572e-02,-1.798642324342306364e-01
8.518196378546647463e-01,-9.023046627803118364e-03,1.891209380572380500e-02,-1.924210429878489559e-01
8.520691109717154488e-01,-6.131157673057026705e-03,2.443761108632919177e-02,-2.046688831626350125e-01
8.526097506447697372e-01,-1.752356998423088398e-03,3.382874226764581022e-02,-2.152746995439930866e-01
8.523128259192667144e-01,2.736405669707416173e-03,4.321180201394304865e-02,-2.253304908074952595e-01
8.517356601272429995e-01,7.829021864211844692e-03,4.973328225335942043e-02,-2.323336217064299325e-01
8.513345305132348217e-01,1.797714848066139098e-02,5.726701898388167344e-02,-2.390788882034632357e-01
8.519329338155477993e-01,2.822337378039996292e-02,6.763255434652999665e-02,-2.485192104456193096e-01
8.524068814947735051e-01,3.612541236087295216e-02,7.113617382620812668e-02,-2.563956839207698346e-01
8.527480203955497551e-01,4.492574946060737262e-02,7.215864232992143246e-02,-2.641870740704116982e-01
8.544103774873657020e-01,5.636814023780487015e-02,7.783849998461098152e-02,-2.725818330998157069e-01
8.551264607099843262e-01,6.504507921162003270e-02,7.726413768093402801e-02,-2.810764210647243022e-01
8.556575089992032312e-01,7.197926074080567005e-02,7.729170799884771403e-02,-2.883901283945887184e-01
8.553839840066222999e-01,8.282799518583981724e-02,8.174449522156232439e-02,-2.944195479834532669e-01
8.553950149261387859e-01,9.254842720052383620e-02,8.929908707890796271e-02,-2.994334535164210886e-01
8.540857357630401436e-01,1.035528539960278438e-01,8.965785905782368281e-02,-3.083442797483269548e-01
8.536186364323656850e-01,1.143596004938163685e-01,9.256172580058184829e-02,-3.132424599287901290e-01
8.527078197814458305e-01,1.289174895477083194e-01,9.843638287460529379e-02,-3.168458085906833976e-01
8.524964923384145132e-01,1.428807456227877692e-01,1.013230557339689641e-01,-3.227424650223423286e-01
8.529229259307338218e-01,1.549040070307677597e-01,9.739953844610442502e-02,-3.309044218953435257e-01
8.539090404673341794e-01,1.677317474009848708e-01,1.023695086869243903e-01,-3.359328901838120607e-01
8.536898716376927210e-01,1.805954702591535677e-01,1.069805103526251105e-01,-3.422705390388475211e-01
8.548275664416356001e-01,1.921745433533926795e-01,1.019867569033954674e-01,-3.466637396811796390e-01
8.558607068628800718e-01,2.057281501386654110e-01,1.034278963769228038e-01,-3.491335085025638052e-01
8.560349641163282897e-01,2.217108726592137424e-01,1.039327799340782760e-01,-3.485350800091037149e-01
8.565677368391578783e-01,2.340738617763547247e-01,9.749184516309333803e-02,-3.506353894948483485e-01
8.581290211921457356e-01,2.488683508012574652e-01,9.279466937939512272e-02,-3.480874033768088238e-01
8.571976929382293386e-01,2.654883360304024498e-01,9.496636230198632345e-02,-3.470547706716999858e-01
8.578312011107278590e-01,2.789377549819605506e-01,8.674687377934632571e-02,-3.493717713878951026e-01
8.580582967648685555e-01,2.932522321765868578e-01,8.512271372679572345e-02,-3.491523646255090818e-01
8.590875990341485524e-01,3.104187515700056466e-01,8.803353079829334682e-02,-3.423136355827907096e-01
8.597431245494294716e-01,3.275034304839452570e-01,8.849855450808848112e-02,-3.409160747659449320e-01
8.619106751138182476e-01,3.389586269916729511e-01,8.664706043173031613e-02,-3.397166789469173165e-01
8.612451473870679219e-01,3.524233856554326305e-01,8.704545310341764430e-02,-3.341922444778887558e-01
8.622871581902477045e-01,3.695780621223861417e-01,8.690684098103296229e-02,-3.264687420124044448e-01
8.615363569811660405e-01,3.829052809748765274e-01,7.975092914294082402e-02,-3.232418266651709837e-01
8.624071059295755903e-01,3.928653302256289170e-01,7.266741048025368577e-02,-3.184141392009920968e-01
8.621050092180206903e-01,4.067750962706934703e-01,6.731006974834986833e-02,-3.111989506529976302e-01
8.620220590729051890e-01,4.200707038543915472e-01,5.952326207629946020e-02,-3.054245287377703177e-01
8.632875482177336801e-01,4.278527828512760922e-01,5.009433782758622444e-02,-3.009429138938483628e-01
8.640681023151248752e-01,4.398601058195393265e-01,4.516968880537025610e-02,-2.938242839065048351e-01
8.641326641788418250e-01,4.526109193220828053e-01,3.645403357045067655e-02,-2.898413697523308241e-01
8.644117662420137682e-01,4.618931293878692501e-01,2.927305058624232736e-02,-2.845543419421362463e-01
8.665449008883648885e-01,4.720823803007324071e-01,2.241407960228186322e-02,-2.751547383755187925e-01
8.660456553204806118e-01,4.823043724130107734e-01,1.587063894585034191e-02,-2.677041996126554579e-01
8.659800471816757605e-01,4.898267740454695374e-01,8.561462195645960088e-03,-2.593029774496590778e-01
8.657497468403670959e-01,4.988063828522766863e-01,4.537484834954537416e-03,-2.461666811552944978e-01
8.667347263502921395e-01,5.096089820075611065e-01,-2.745651727492080894e-03,-2.335007084746385519e-01
8.664713303542320721e-01,5.126852735598399491e-01,-1.249995589947736074e-02,-2.260344607310498521e-01
8.667879515373602128e-01,5.188367902290299538e-01,-1.886737410435683840e-02,-2.174549218031974762e-01
8.673132248828687718e-01,5.260016320474254492e-01,-2.894803938999404580e-02,-2.042925272176554230e-01
8.669253090420895314e-01,5.298050057239196420e-01,-3.936548921836433707e-02,-1.960201040677207185e-01
8.661433560670395160e-01,5.292835077383296616e-01,-4.931581927372050145e-02,-1.854883404799052560e-01
8.662787642631392115e-01,5.348730620881705367e-01,-5.199759672140033540e-02,-1.754234061883065965e-01
8.653915138015858544e-01,5.369213972778026367e-01,-6.136506703926949968e-02,-1.618880695903213429e-01
8.644779251177964197e-01,5.347647386695286720e-01,-7.135900737985442777e-02,-1.568028247633963812e-01
8.645889439257442577e-01,5.357600694054899249e-01,-7.923728769950699746e-02,-1.461186865143379865e-01
8.641676416091781388e-01,5.380415173526632566e-01,-9.085834305852760751e-02,-1.377093558978340071e-01
8.644258585002907447e-01,5.366977179350589378e-01,-1.021897643002769723e-01,-1.261871668440144312e-01
8.642931686694638183e-01,5.373109970317180295e-01,-1.106699195620498566e-01,-1.162772494421319136e-01
8.652129564455242061e-01,5.367028731189356083e-01,-1.126611992995508321e-01,-1.030187022765844257e-01
8.653493221360117893e-01,5.329829098831659895e-01,-1.185316942726182404e-01,-9.081199258125013940e-02
8.657444947354128173e-01,5.290185776618731017e-01,-1.256863522967914815e-01,-8.031312581899537062e-02
8.649471295460983145e-01,5.268053207933157678e-01,-1.346436362703893885e-01,-6.788339892594609515e-02
8.652079992884019743e-01,5.226234485123343321e-01,-1.423603093484528959e-01,-5.748554768180046820e-02
8.645419658976700727e-01,5.189439657777508152e-01,-1.545166934125035973e-01,-5.067434527054915511e-02
8.652228959862477975e-01,5.130182285067911296e-01,-1.631405001962044909e-01,-4.204705093037351682e-02
8.646298300346456633e-01,5.083229037470325951e-01,-1.679848385741717076e-01,-3.027310141863942539e-02
8.636500760484134842e-01,5.014266153526425462e-01,-1.729577292287694246e-01,-2.122407473924740884e-02
8.637743463634276475e-01,4.910778217982677551e-01,-1.786916862619954138e-01,-1.355627158192896503e-02
8.643722323584785983e-01,4.849676064744976034e-01,-1.774078984593778496e-01,4.200996804932695936e-04
8.633340515441310092e-01,4.765107903843931458e-01,-1.809486561372730395e-01,9.546193330739256855e-03
8.630942244195314306e-01,4.651506110164708718e-01,-1.832993589778514898e-01,1.745140132867104357e-02
8.635175383964853735e-01,4.569419322546387496e-01,-1.843085228394626962e-01,2.608507796770143453e-02
8.631523084411565350e-01,4.476043420008482543e-01,-1.871293898266267186e-01,3.409254809365777628e-02
8.627955735100341084e-01,4.355922484250074889e-01,-1.944175584940779078e-01,4.094614316149662592e-02
8.617959560642673988e-01,4.237545818627768690e-01,-1.991295735497293773e-01,4.789711953481899653e-02
8.618686459973199376e-01,4.132718101038651559e-01,-2.048816425183661860e-01,5.382438411856530630e-02
8.608661429901601769e-01,4.006456072015141534e-01,-2.105965512163323616e-01,5.669672860576593920e-02
8.609605447691238700e-01,3.875999013346054234e-01,-2.154395658838608452e-01,6.109513769880503542e-02
8.605007368587884731e-01,3.727172220484091247e-01,-2.191066518447095934e-01,6.230138555845605303e-02
8.609079430906944053e-01,3.598385094265875717e-01,-2.209444179253282348e-01,6.612227165176003119e-02
8.600288738356430818e-01,3.454587625998968847e-01,-2.230693346609101124e-01,7.068713457858161187e-02
8.603257680395318685e-01,3.310011485059781711e-01,-2.212674049630695416e-01,7.664221870971890671e-02
8.596889899392521350e-01,3.188434842331989150e-01,-2.183065745704702854e-01,7.921430550834168693e-02
8.579480474257521472e-01,3.041032068195538840e-01,-2.193915933164915788e-01,8.290257619254071120e-02
8.574287306398831188e-01,2.910029813590251369e-01,-2.185092318437458214e-01,8.539214393626462507e-02
8.579213878122191606e-01,2.762778955112109580e-01,-2.181404223694870248e-01,8.393462529116148263e-02
8.583590013349101655e-01,2.618284377854233624e-01,-2.194863969855106178e-01,8.426876388600437751e-02
8.580980545049911035e-01,2.465340804742386371e-01,-2.181893686159243617e-01,8.727202851021778618e-02
8.582540953537788342e-01,2.355667357661985484e-01,-2.147360429473499921e-01,8.820925196531656520e-02
8.580063928852547095e-01,2.218874452093390071e-01,-2.120130059212744222e-01,8.824283512980113375e-02
8.569092056457451312e-01,2.122163093908003839e-01,-2.022586533527226671e-01,8.994036750414768910e-02
8.559867240082091877e-01,1.974082382353363752e-01,-1.986720872579744168e-01,8.741578470086860952e-02
8.557173270559594869e-01,1.839359074949800943e-01,-1.965429107370498807e-01,8.292546689216240274e-02
8.564687228320039258e-01,1.696678849577695769e-01,-1.900643450995910810e-01,7.745041800862459414e-02
8.564265326070166218e-01,1.582813157974812257e-01,-1.853576633532209306e-01,7.379107080033561750e-02
8.556568242533578728e-01,1.431179363772006885e-01,-1.873591299366964003e-01,6.806451117625844649e-02
8.555886002079416963e-01,1.314787327473355416e-01,-1.848326266111749161e-01,6.261556103319641797e-02
8.554046484337478606e-01,1.199007100667460191e-01,-1.784685053806726318e-01,5.740213372693678956e-02
8.539436628760705972e-01,1.088660567163919485e-01,-1.769769532492198871e-01,5.616584505935205002e-02
8.533159953797765374e-01,9.680098020256906743e-02,-1.703773676426432737e-01,4.927612526882171884e-02
8.536259072676640747e-01,8.562706613875092909e-02,-1.651645102987237268e-01,4.244330479968693587e-02
8.536556946283698766e-01,7.720798359876536454e-02,-1.561720583704560850e-01,3.811421964074235280e-02
8.528648261678214437e-01,6.403889174273191820e-02,-1.540441106803366045e-01,3.070848577364484674e-02
8.530762581600646044e-01,5.474984907469519074e-02,-1.421995692558293556e-01,2.064529237093047642e-02
8.531487685898844209e-01,4.347638839594800825e-02,-1.383248294142648271e-01,1.282208981668354376e-02
8.539493349718273452e-01,3.341077975484366136e-02,-1.288999172235980317e-01,3.621416774673012935e-03
8.535584902656637718e-01,2.248343770834251160e-02,-1.212221391472673021e-01,-7.371232902538421734e-03
8.529505967778824305e-01,1.959393674118478645e-02,-1.091417657786157569e-01,-1.523361721795874271e-02
8.525222949075716983e-01,1.039132773894213546e-02,-1.064100553022061801e-01,-2.537522300011023357e-02
8.520453549879558608e-01,5.492497509997128560e-03,-9.622345630156102503e-02,-3.478717704111608522e-02
8.513072179046858867e-01,4.631648446638834732e-05,-8.897322485335015796e-02,-4.293951238506101692e-02
8.504421549638216948e-01,-5.313615262069340886e-03,-8.436147552856218534e-02,-5.276096204273580254e-02
8.507344357386522615e-01,-1.096984447712298118e-02,-7.688482676531607773e-02,-6.167512339098592256e-02
8.507355052260450190e-01,-1.528161446278354825e-02,-6.846004028807360642e-02,-7.040792470464850294e-02
8.491613215453430730e-01,-2.026647942309774478e-02,-6.067412925928537815e-02,-7.884251137489023398e-02
8.485251611173175723e-01,-2.129026997543167696e-02,-4.980644569885508965e-02,-8.748388176700534757e-02
8.484045174669041511e-01,-2.432861978240567422e-02,-4.048379494406443430e-02,-9.656959380408543236e-02
8.480528689223226779e-01,-2.786325971037945104e-02,-3.347483195195903594e-02,-1.098200366004151302e-01
8.482180556911035341e-01,-2.931562706614924962e-02,-2.754386192987698379e-02,-1.213286307830900856e-01
8.498409934846647973e-01,-2.883408453978865069e-02,-1.954823613734006996e-02,-1.328330144012814240e-01
8.494191775326003224e-01,-2.772592491106910806e-02,-1.510417045457805932e-02,-1.451537146428005798e-01
8.501907567039904690e-01,-2.529614029956409049e-02,-9.090431067922889047e-03,-1.551735941623517412e-01
8.512553970965683892e-01,-2.470191379599936607e-02,-4.591145356091484026e-03,-1.638815107873269339e-01
8.513786983472294567e-01,-1.948519150296155328e-02,4.330224824443064738e-03,-1.726930236772144800e-01
8.516356211931980225e-01,-1.574243582687556708e-02,1.139646254572466294e-02,-1.850026088959333403e-01
8.528128357992290631e-01,-1.198609112382165338e-02,2.130002363211448355e-02,-1.925936493233820213e-01
8.515252452772598124e-01,-9.036181514369375986e-03,3.001422623380960511e-02,-2.024627357257242910e-01
8.517687736222738781e-01,-1.988904754957434619e-04,4.112205482780875720e-02,-2.102834797226843522e-01
8.528174289394526708e-01,6.601256410228239190e-03,4.934769833495673136e-02,-2.205584277146910022e-01
8.528877902169070824e-01,1.378893285080389809e-02,5.348518076019218720e-02,-2.302521680574227125e-01
8.532143715881590484e-01,2.166999335709715938e-02,5.758730077919540363e-02,-2.399147851430821210e-01
8.547896527544671663e-01,3.024627379598864713e-02,6.280014642862061236e-02,-2.485845494260701671e-01
8.540349050071011083e-01,3.664077007859831148e-02,6.726881797006961650e-02,-2.588293072579052057e-01
8.542568465581210635e-01,4.404741891341822785e-02,7.242962222624808877e-02,-2.665222276796578305e-01
8.547311015906023934e-01,5.268972459940160502e-02,7.686665065523139162e-02,-2.738414801871316140e-01
8.541587959078463799e-01,6.116110937987019602e-02,8.543210070440787618e-02,-2.830834164432757261e-01
8.545131066463395042e-01,7.372211505891830552e-02,9.148075070658533148e-02,-2.918084959676143786e-01
8.552307389815712035e-01,8.260066359273939007e-02,9.313900628832663675e-02,-2.995549406825591121e-01
8.542255982920372581e-01,9.357543747854887850e-02,9.377713794074779563e-02,-3.082459149510373697e-01
8.542847450098182138e-01,1.044863310804922674e-01,1.018685292363771672e-01,-3.120588909613241091e-01
8.546389076313238853e-01,1.162883794252378145e-01,1.012103076659253698e-01,-3.178284712780548582e-01
8.548001454249228859e-01,1.287008281257851772e-01,1.070271582226782064e-01,-3.230265473077503779e-01
8.553135146292788482e-01,1.466448753627123125e-01,1.130867473334619538e-01,-3.239207937242591928e-01
8.558126521164864942e-01,1.595926432505884729e-01,1.162297298534199635e-01,-3.266324585070835562e-01
8.552945296021633448e-01,1.742487091982223846e-01,1.174358104511273038e-01,-3.310134884757762741e-01
8.553854381717107547e-01,1.880472994665484399e-01,1.154794756363490826e-01,-3.347063846675595866e-01
8.544167335089140058e-01,2.005639046196458775e-01,1.112700852651212213e-01,-3.375806791332775503e-01
8.545718140087110726e-01,2.141151632186930609e-01,1.128664243032911352e-01,-3.406145142515806801e-01
8.556051927951877634e-01,2.304164618296956346e-01,1.135130321730157960e-01,-3.426886311440068278e-01
8.563576687102777418e-01,2.447551627000470187e-01,1.077151589466090326e-01,-3.442753029298099565e-01
8.577604719138711697e-01,2.594240118748142310e-01,1.061352082987805368e-01,-3.443991782458021844e-01
8.598198387755199290e-01,2.749592038822314954e-01,1.046287767560650783e-01,-3.444155766345198266e-01
8.607706802558723336e-01,2.887753780991014207e-01,9.832172260969464228e-02,-3.455924360082328617e-01
8.616593626864987865e-01,3.034855249949648948e-01,9.698545947616055152e-02,-3.411770788953557565e-01
8.629088887404807728e-01,3.194394899012292233e-01,9.549823940956922441e-02,-3.399917098359703793e-01
8.628083874194166780e-01,3.344930737816925737e-01,9.320650403442812260e-02,-3.379122004077914632e-01
8.617957492694422461e-01,3.478221057899765767e-01,8.534566598325443731e-02,-3.344168545404394011e-01
8.618956777833041150e-01,3.633179432746748150e-01,8.390806771718352375e-02,-3.313452048498040647e-01
8.618296996628955764e-01,3.744083336063735445e-01,7.264762968696897305e-02,-3.306459668263646012e-01
8.624312956292864429e-01,3.868937345713759912e-01,6.795751564266086509e-02,-3.248100463712753627e-01
